product ,Price,Grocery store,Location
Apples,69.9,Carrefour,"Carrefour Market, Av. Corrientes 1160, 1043 CABA, Argentina"
Apples,74.99,Supermercados Día,"Supermercados Día, Av. Corrientes 3534, C1194 AAO, Buenos Aires, Argentina"
Apples,80,Jumbo,"Jumbo, Av. Santa Fe 4950, C1425 BHY, Buenos Aires, Argentina"
Apples,69,Jumbo,"Jumbo, Guardia Vieja 4558, C1192 CABA, Argentina"
Apples,,Supermercados Día,"Supermercados Día, Buenos Aires, Paraguay 788, C1057 AAJ, Argentina"
Apples,,Supermercados Día,"Supermercados Día, Buenos Aires, Defensa 748, C1065 AAN, Argentina"
Apples,32,Carrefour,"235, New Taipei City, Zhonghe District, Section 2, Zhongshan Road, 295號B1"
Apples,70,Carrefour,"Carrefour, No. 1, Guilin Road, Wanhua District, Taipei City, Taiwan 108"
Apples,78,Carrefour,"Carrefour, 100, Taiwan, Taipei City, Zhongzheng District, Section 2, Jinan Road, 46號B1"
Apples,46,Carrefour,"Carrefour, No. 276號, Jinzhou Street, Zhongshan District, Taipei City, Taiwan 10477"
Apples,110,Carrefour,"Carrefour, No. 499-1, Zhonghe Road, Yonghe District, New Taipei City, Taiwan 234"
Apples,79.99,Supermercados Día,"Sarmiento 3978, C1425 FGQ, Argentina"
Apples,99,Jumbo,
Apples,69.9,Carrefour,"Arenales 870, C1061 CABA"
Apples,86,Carrefour,"Carrefour Market, Av. Santa Fe 1954, C1123 CABA, Argentina"
Apples,79.99,Supermercados Día,"Carrefour Market, Vicente López 1676, C1018 ABB, Buenos Aires, Argentina"
Apples,98.7,Jumbo,"Supermercados Día, Fitz Roy 2292, C1425 FVD, Buenos Aires, Argentina"
Apples,69.99,Supermercados Día,"Av. Acoyte 702, C1405 BGS, Buenos Aires"
Apples,54,Supermercados Día,"Supermercados Día, Av. Rivadavia 3566, C1204 AAN, Buenos Aires, Argentina"
Apples,72.4,Carrefour,"Av. Gaona 1290, Buenos Aires"
Apples,73.99,Supermercados Día,"Carrefour Market, Av. Córdoba 1631, C1055 CABA, Argentina"
Apples,159,Supermercados Día,"Supermercados Día, Av. Rivadavia 674, C1002 AAR, Buenos Aires, Argentina"
Apples,60,Carrefour,"Supermercados Día, Buenos Aires, Raúl Scalabrini Ortíz 3170, C1425 DBZ, Argentina"
Apples,69,Carrefour,"Carrefour Market, Raúl Scalabrini Ortíz 3128, C1425 CABA, Argentina"
Apples,54,Jumbo,"Av. Córdoba 2529, C1120 CABA"
Apples,80,Supermercados Día,"Av. Gral. Las Heras 2564, C1425ASP CABA"
Apples,75,Supermercados Día,"Supermercados Día, Av. Rivadavia 1177, C1033 AAB, Buenos Aires, Argentina"
Apples,50,Carrefour,"Supermercados Día, C1426AJS AJS, Amenábar 1145, C1426 Buenos Aires, Argentina"
Apples,79.99,Supermercados Día,"Carrefour Market, Av. Rivadavia 3221, C1179 CABA, Argentina"
Apples,159,Jumbo,"Supermercados Día, Junín 638, C1026 ABN, Buenos Aires, Argentina"
Apples,84,Carrefour,"Jumba, Av. Cerviño 4860, C1425 AIO, Buenos Aires, Argentina"
Apples,120,Carrefour,"Carrefour Market, Av. Rivadavia 2243, C1034 CABA, Argentina"
Apples,69.9,Carrefour,"Av. Santa Fe 3368, C1425 CABA"
Apples,86,Carrefour,"Carrefour Market, Raúl Scalabrini Ortíz 1840, C1414 CABA, Argentina"
Apples,,Supermercados Día,"Carrefour Market, Av. Corrientes 1160, 1043 CABA, Argentina"
Apples,,Jumbo,"Supermercados Día, Av. Corrientes 3534, C1194 AAO, Buenos Aires, Argentina"
Apples,89,Jumbo,"Jumbo, Av. Santa Fe 4950, C1425 BHY, Buenos Aires, Argentina"
Apples,,Supermercados Día,"Jumbo, Guardia Vieja 4558, C1192 CABA, Argentina"
Apples,,Supermercados Día,"Supermercados Día, Buenos Aires, Paraguay 788, C1057 AAJ, Argentina"
Apples,40,Carrefour,"Supermercados Día, Buenos Aires, Defensa 748, C1065 AAN, Argentina"
Apples,118,Carrefour,"235, New Taipei City, Zhonghe District, Section 2, Zhongshan Road, 295號B1"
Apples,50,Carrefour,"Carrefour, No. 1, Guilin Road, Wanhua District, Taipei City, Taiwan 108"
Apples,74,Carrefour,"Carrefour, 100, Taiwan, Taipei City, Zhongzheng District, Section 2, Jinan Road, 46號B1"
Apples,58,Carrefour,"Carrefour, No. 276號, Jinzhou Street, Zhongshan District, Taipei City, Taiwan 10477"
Apples,,Supermercados Día,"Carrefour, No. 499-1, Zhonghe Road, Yonghe District, New Taipei City, Taiwan 234"
Apples,,,"Sarmiento 3978, C1425 FGQ, Argentina"
Apples,,Jumbo,
Apples,86,Carrefour,"Arenales 870, C1061 CABA"
Apples,69,Carrefour,"Carrefour Market, Av. Santa Fe 1954, C1123 CABA, Argentina"
Apples,,Supermercados Día,"Carrefour Market, Vicente López 1676, C1018 ABB, Buenos Aires, Argentina"
Apples,54,Jumbo,"Supermercados Día, Fitz Roy 2292, C1425 FVD, Buenos Aires, Argentina"
Apples,,Supermercados Día,"Av. Acoyte 702, C1405 BGS, Buenos Aires"
Apples,70,Supermercados Día,"Supermercados Día, Av. Rivadavia 3566, C1204 AAN, Buenos Aires, Argentina"
Apples,76,Carrefour,"Av. Gaona 1290, Buenos Aires"
Apples,,Supermercados Día,"Carrefour Market, Av. Córdoba 1631, C1055 CABA, Argentina"
Apples,54,Supermercados Día,"Supermercados Día, Av. Rivadavia 674, C1002 AAR, Buenos Aires, Argentina"
Apples,,Carrefour,"Supermercados Día, Buenos Aires, Raúl Scalabrini Ortíz 3170, C1425 DBZ, Argentina"
Apples,50,Carrefour,"Carrefour Market, Raúl Scalabrini Ortíz 3128, C1425 CABA, Argentina"
Apples,98,Jumbo,"Av. Córdoba 2529, C1120 CABA"
Apples,,Supermercados Día,"Av. Gral. Las Heras 2564, C1425ASP CABA"
Apples,74,Supermercados Día,"Supermercados Día, Av. Rivadavia 1177, C1033 AAB, Buenos Aires, Argentina"
Apples,89.9,Carrefour,"Supermercados Día, C1426AJS AJS, Amenábar 1145, C1426 Buenos Aires, Argentina"
Apples,99.99,Supermercados Día,"Carrefour Market, Av. Rivadavia 3221, C1179 CABA, Argentina"
Apples,54,Jumbo,"Supermercados Día, Junín 638, C1026 ABN, Buenos Aires, Argentina"
Apples,69,Carrefour,"Jumba, Av. Cerviño 4860, C1425 AIO, Buenos Aires, Argentina"
Apples,86,Carrefour,"Carrefour Market, Av. Rivadavia 2243, C1034 CABA, Argentina"
Apples,50,Grocery store,"Av. Santa Fe 3368, C1425 CABA"
Apples,,Carrefour,"Carrefour Market, Raúl Scalabrini Ortíz 1840, C1414 CABA, Argentina"
Apples,,Supermercados Día,"Carrefour Market, Av. Corrientes 1160, 1043 CABA, Argentina"
Apples,159,Jumbo,"Supermercados Día, Av. Corrientes 3534, C1194 AAO, Buenos Aires, Argentina"
Apples,,Jumbo,"Jumbo, Av. Santa Fe 4950, C1425 BHY, Buenos Aires, Argentina"
Apples,,Supermercados Día,"Jumbo, Guardia Vieja 4558, C1192 CABA, Argentina"
Apples,78,Supermercados Día,"Supermercados Día, Buenos Aires, Paraguay 788, C1057 AAJ, Argentina"
Apples,26,Carrefour,"Supermercados Día, Buenos Aires, Defensa 748, C1065 AAN, Argentina"
Apples,30,Carrefour,"235, New Taipei City, Zhonghe District, Section 2, Zhongshan Road, 295號B1"
Apples,78,Carrefour,"Carrefour, No. 1, Guilin Road, Wanhua District, Taipei City, Taiwan 108"
Apples,78,Carrefour,"Carrefour, 100, Taiwan, Taipei City, Zhongzheng District, Section 2, Jinan Road, 46號B1"
Apples,,Carrefour,"Carrefour, No. 276號, Jinzhou Street, Zhongshan District, Taipei City, Taiwan 10477"
Apples,,Supermercados Día,"Carrefour, No. 499-1, Zhonghe Road, Yonghe District, New Taipei City, Taiwan 234"
Apples,,,"Sarmiento 3978, C1425 FGQ, Argentina"
Apples,120,Jumbo,
Apples,50,Carrefour,"Arenales 870, C1061 CABA"
Apples,,Carrefour,"Carrefour Market, Av. Santa Fe 1954, C1123 CABA, Argentina"
Apples,72,Supermercados Día,"Carrefour Market, Vicente López 1676, C1018 ABB, Buenos Aires, Argentina"
Apples,,Jumbo,"Supermercados Día, Fitz Roy 2292, C1425 FVD, Buenos Aires, Argentina"
Apples,51,Supermercados Día,"Av. Acoyte 702, C1405 BGS, Buenos Aires"
Apples,,Supermercados Día,"Supermercados Día, Av. Rivadavia 3566, C1204 AAN, Buenos Aires, Argentina"
Apples,,Carrefour,"Av. Gaona 1290, Buenos Aires"
Apples,,Supermercados Día,"Carrefour Market, Av. Córdoba 1631, C1055 CABA, Argentina"
Apples,,Supermercados Día,"Supermercados Día, Av. Rivadavia 674, C1002 AAR, Buenos Aires, Argentina"
Apples,,Carrefour,"Supermercados Día, Buenos Aires, Raúl Scalabrini Ortíz 3170, C1425 DBZ, Argentina"
Apples,,Carrefour,"Carrefour Market, Raúl Scalabrini Ortíz 3128, C1425 CABA, Argentina"
Apples,,Jumbo,"Av. Córdoba 2529, C1120 CABA"
Apples,,Supermercados Día,"Av. Gral. Las Heras 2564, C1425ASP CABA"
Apples,86,Supermercados Día,"Supermercados Día, Av. Rivadavia 1177, C1033 AAB, Buenos Aires, Argentina"
Apples,,Carrefour,"Supermercados Día, C1426AJS AJS, Amenábar 1145, C1426 Buenos Aires, Argentina"
Apples,,Supermercados Día,"Carrefour Market, Av. Rivadavia 3221, C1179 CABA, Argentina"
Apples,,Jumbo,"Supermercados Día, Junín 638, C1026 ABN, Buenos Aires, Argentina"
Apples,69.9,Carrefour,"Jumba, Av. Cerviño 4860, C1425 AIO, Buenos Aires, Argentina"
Apples,,Carrefour,"Carrefour Market, Av. Rivadavia 2243, C1034 CABA, Argentina"
Apples,,Carrefour,"Av. Santa Fe 3368, C1425 CABA"
Bananas,94.9,Carrefour,"Carrefour Market, Raúl Scalabrini Ortíz 1840, C1414 CABA, Argentina"
Bananas,,Supermercados Día,"Carrefour Market, Av. Corrientes 1160, 1043 CABA, Argentina"
Bananas,84,Jumbo,"Supermercados Día, Av. Corrientes 3534, C1194 AAO, Buenos Aires, Argentina"
Bananas,84,Jumbo,"Jumbo, Av. Santa Fe 4950, C1425 BHY, Buenos Aires, Argentina"
Bananas,,Supermercados Día,"Jumbo, Guardia Vieja 4558, C1192 CABA, Argentina"
Bananas,,Supermercados Día,"Supermercados Día, Buenos Aires, Paraguay 788, C1057 AAJ, Argentina"
Bananas,60,Carrefour,"Supermercados Día, Buenos Aires, Defensa 748, C1065 AAN, Argentina"
Bananas,78,Carrefour,"235, New Taipei City, Zhonghe District, Section 2, Zhongshan Road, 295號B1"
Bananas,10,Carrefour,"Carrefour, No. 1, Guilin Road, Wanhua District, Taipei City, Taiwan 108"
Bananas,10,Carrefour,"Carrefour, 100, Taiwan, Taipei City, Zhongzheng District, Section 2, Jinan Road, 46號B1"
Bananas,88,Carrefour,"Carrefour, No. 276號, Jinzhou Street, Zhongshan District, Taipei City, Taiwan 10477"
Bananas,94.99,Supermercados Día,"Carrefour, No. 499-1, Zhonghe Road, Yonghe District, New Taipei City, Taiwan 234"
Bananas,,,"Sarmiento 3978, C1425 FGQ, Argentina"
Bananas,99,Jumbo,
Bananas,94.9,Carrefour,"Arenales 870, C1061 CABA"
Bananas,94,Carrefour,"Carrefour Market, Av. Santa Fe 1954, C1123 CABA, Argentina"
Bananas,95,Supermercados Día,"Carrefour Market, Vicente López 1676, C1018 ABB, Buenos Aires, Argentina"
Bananas,84,Jumbo,"Supermercados Día, Fitz Roy 2292, C1425 FVD, Buenos Aires, Argentina"
Bananas,94.99,Supermercados Día,"Av. Acoyte 702, C1405 BGS, Buenos Aires"
Bananas,84,Supermercados Día,"Supermercados Día, Av. Rivadavia 3566, C1204 AAN, Buenos Aires, Argentina"
Bananas,102.1,Carrefour,"Av. Gaona 1290, Buenos Aires"
Bananas,101.49,Supermercados Día,"Carrefour Market, Av. Córdoba 1631, C1055 CABA, Argentina"
Bananas,99,Supermercados Día,"Supermercados Día, Av. Rivadavia 674, C1002 AAR, Buenos Aires, Argentina"
Bananas,99,Carrefour,"Supermercados Día, Buenos Aires, Raúl Scalabrini Ortíz 3170, C1425 DBZ, Argentina"
Bananas,94.9,Carrefour,"Carrefour Market, Raúl Scalabrini Ortíz 3128, C1425 CABA, Argentina"
Bananas,84,Jumbo,"Av. Córdoba 2529, C1120 CABA"
Bananas,95,Supermercados Día,"Av. Gral. Las Heras 2564, C1425ASP CABA"
Bananas,93,Supermercados Día,"Supermercados Día, Av. Rivadavia 1177, C1033 AAB, Buenos Aires, Argentina"
Bananas,94.9,Carrefour,"Supermercados Día, C1426AJS AJS, Amenábar 1145, C1426 Buenos Aires, Argentina"
Bananas,75.99,Supermercados Día,"Carrefour Market, Av. Rivadavia 3221, C1179 CABA, Argentina"
Bananas,84,Jumbo,"Supermercados Día, Junín 638, C1026 ABN, Buenos Aires, Argentina"
Bananas,94,Carrefour,"Jumba, Av. Cerviño 4860, C1425 AIO, Buenos Aires, Argentina"
Bananas,94.9,Carrefour,"Carrefour Market, Av. Rivadavia 2243, C1034 CABA, Argentina"
Bananas,94.9,Carrefour,"Av. Santa Fe 3368, C1425 CABA"
 Bananas,,Carrefour,"Carrefour Market, Raúl Scalabrini Ortíz 1840, C1414 CABA, Argentina"
 Bananas,,Supermercados Día,"Carrefour Market, Av. Corrientes 1160, 1043 CABA, Argentina"
 Bananas,,Jumbo,"Supermercados Día, Av. Corrientes 3534, C1194 AAO, Buenos Aires, Argentina"
 Bananas,,Jumbo,"Jumbo, Av. Santa Fe 4950, C1425 BHY, Buenos Aires, Argentina"
 Bananas,,Supermercados Día,"Jumbo, Guardia Vieja 4558, C1192 CABA, Argentina"
 Bananas,,Supermercados Día,"Supermercados Día, Buenos Aires, Paraguay 788, C1057 AAJ, Argentina"
 Bananas,112,Carrefour,"Supermercados Día, Buenos Aires, Defensa 748, C1065 AAN, Argentina"
 Bananas,178,Carrefour,"235, New Taipei City, Zhonghe District, Section 2, Zhongshan Road, 295號B1"
 Bananas,138,Carrefour,"Carrefour, No. 1, Guilin Road, Wanhua District, Taipei City, Taiwan 108"
 Bananas,118,Carrefour,"Carrefour, 100, Taiwan, Taipei City, Zhongzheng District, Section 2, Jinan Road, 46號B1"
 Bananas,118,Carrefour,"Carrefour, No. 276號, Jinzhou Street, Zhongshan District, Taipei City, Taiwan 10477"
 Bananas,,Supermercados Día,"Carrefour, No. 499-1, Zhonghe Road, Yonghe District, New Taipei City, Taiwan 234"
 Bananas,,,"Sarmiento 3978, C1425 FGQ, Argentina"
 Bananas,,Jumbo,
 Bananas,,Carrefour,"Arenales 870, C1061 CABA"
 Bananas,,Carrefour,"Carrefour Market, Av. Santa Fe 1954, C1123 CABA, Argentina"
 Bananas,,Supermercados Día,"Carrefour Market, Vicente López 1676, C1018 ABB, Buenos Aires, Argentina"
 Bananas,92,Jumbo,"Supermercados Día, Fitz Roy 2292, C1425 FVD, Buenos Aires, Argentina"
 Bananas,,Supermercados Día,"Av. Acoyte 702, C1405 BGS, Buenos Aires"
 Bananas,70,Supermercados Día,"Supermercados Día, Av. Rivadavia 3566, C1204 AAN, Buenos Aires, Argentina"
 Bananas,,Carrefour,"Av. Gaona 1290, Buenos Aires"
 Bananas,,Supermercados Día,"Carrefour Market, Av. Córdoba 1631, C1055 CABA, Argentina"
 Bananas,,Supermercados Día,"Supermercados Día, Av. Rivadavia 674, C1002 AAR, Buenos Aires, Argentina"
 Bananas,,Carrefour,"Supermercados Día, Buenos Aires, Raúl Scalabrini Ortíz 3170, C1425 DBZ, Argentina"
 Bananas,,Carrefour,"Carrefour Market, Raúl Scalabrini Ortíz 3128, C1425 CABA, Argentina"
 Bananas,,Jumbo,"Av. Córdoba 2529, C1120 CABA"
 Bananas,,Supermercados Día,"Av. Gral. Las Heras 2564, C1425ASP CABA"
 Bananas,95,Supermercados Día,"Supermercados Día, Av. Rivadavia 1177, C1033 AAB, Buenos Aires, Argentina"
Bananas,,Supermercados Día,"Supermercados Día, C1426AJS AJS, Amenábar 1145, C1426 Buenos Aires, Argentina"
Bananas,,Jumbo,"Carrefour Market, Av. Rivadavia 3221, C1179 CABA, Argentina"
Bananas,,Carrefour,"Supermercados Día, Junín 638, C1026 ABN, Buenos Aires, Argentina"
Bananas,,Carrefour,"Jumba, Av. Cerviño 4860, C1425 AIO, Buenos Aires, Argentina"
Bananas,,Carrefour,"Carrefour Market, Av. Rivadavia 2243, C1034 CABA, Argentina"
Bananas,,Grocery store,"Av. Santa Fe 3368, C1425 CABA"
Bananas,150,Carrefour,"Carrefour Market, Raúl Scalabrini Ortíz 1840, C1414 CABA, Argentina"
Bananas,,Supermercados Día,"Carrefour Market, Av. Corrientes 1160, 1043 CABA, Argentina"
Bananas,118,Jumbo,"Supermercados Día, Av. Corrientes 3534, C1194 AAO, Buenos Aires, Argentina"
Bananas,,Jumbo,"Jumbo, Av. Santa Fe 4950, C1425 BHY, Buenos Aires, Argentina"
Bananas,,Supermercados Día,"Jumbo, Guardia Vieja 4558, C1192 CABA, Argentina"
Bananas,,Supermercados Día,"Supermercados Día, Buenos Aires, Paraguay 788, C1057 AAJ, Argentina"
Bananas,,Carrefour,"Supermercados Día, Buenos Aires, Defensa 748, C1065 AAN, Argentina"
Bananas,,Carrefour,"235, New Taipei City, Zhonghe District, Section 2, Zhongshan Road, 295號B1"
Bananas,,Carrefour,"Carrefour, No. 1, Guilin Road, Wanhua District, Taipei City, Taiwan 108"
Bananas,,Carrefour,"Carrefour, 100, Taiwan, Taipei City, Zhongzheng District, Section 2, Jinan Road, 46號B1"
Bananas,,Carrefour,"Carrefour, No. 276號, Jinzhou Street, Zhongshan District, Taipei City, Taiwan 10477"
Bananas,84,Supermercados Día,"Carrefour, No. 499-1, Zhonghe Road, Yonghe District, New Taipei City, Taiwan 234"
Bananas,,,"Sarmiento 3978, C1425 FGQ, Argentina"
Bananas,92,Jumbo,
Bananas,,Carrefour,"Arenales 870, C1061 CABA"
Bananas,,Carrefour,"Carrefour Market, Av. Santa Fe 1954, C1123 CABA, Argentina"
Bananas,,Supermercados Día,"Carrefour Market, Vicente López 1676, C1018 ABB, Buenos Aires, Argentina"
Bananas,,Jumbo,"Supermercados Día, Fitz Roy 2292, C1425 FVD, Buenos Aires, Argentina"
Bananas,,Supermercados Día,"Av. Acoyte 702, C1405 BGS, Buenos Aires"
Bananas,,Supermercados Día,"Supermercados Día, Av. Rivadavia 3566, C1204 AAN, Buenos Aires, Argentina"
Bananas,,Carrefour,"Av. Gaona 1290, Buenos Aires"
Bananas,,Supermercados Día,"Carrefour Market, Av. Córdoba 1631, C1055 CABA, Argentina"
Bananas,,Supermercados Día,"Supermercados Día, Av. Rivadavia 674, C1002 AAR, Buenos Aires, Argentina"
Bananas,,Carrefour,"Supermercados Día, Buenos Aires, Raúl Scalabrini Ortíz 3170, C1425 DBZ, Argentina"
Bananas,,Carrefour,"Carrefour Market, Raúl Scalabrini Ortíz 3128, C1425 CABA, Argentina"
Bananas,,Jumbo,"Av. Córdoba 2529, C1120 CABA"
Bananas,,Supermercados Día,"Av. Gral. Las Heras 2564, C1425ASP CABA"
Bananas,,Supermercados Día,"Supermercados Día, Av. Rivadavia 1177, C1033 AAB, Buenos Aires, Argentina"
Bananas,,Carrefour,"Supermercados Día, C1426AJS AJS, Amenábar 1145, C1426 Buenos Aires, Argentina"
Bananas,,Supermercados Día,"Carrefour Market, Av. Rivadavia 3221, C1179 CABA, Argentina"
Bananas,,Jumbo,"Supermercados Día, Junín 638, C1026 ABN, Buenos Aires, Argentina"
Bananas,,Carrefour,"Jumba, Av. Cerviño 4860, C1425 AIO, Buenos Aires, Argentina"
Bananas,,Carrefour,"Carrefour Market, Av. Rivadavia 2243, C1034 CABA, Argentina"
Bananas,,Carrefour,"Av. Santa Fe 3368, C1425 CABA"
Tomatoes,84.9,Carrefour,"Carrefour Market, Raúl Scalabrini Ortíz 1840, C1414 CABA, Argentina"
Tomatoes,92.99,Supermercados Día,"Carrefour Market, Av. Corrientes 1160, 1043 CABA, Argentina"
Tomatoes,99,Jumbo,"Supermercados Día, Av. Corrientes 3534, C1194 AAO, Buenos Aires, Argentina"
Tomatoes,99,Jumbo,"Jumbo, Av. Santa Fe 4950, C1425 BHY, Buenos Aires, Argentina"
Tomatoes,,Supermercados Día,"Jumbo, Guardia Vieja 4558, C1192 CABA, Argentina"
Tomatoes,,Supermercados Día,"Supermercados Día, Buenos Aires, Paraguay 788, C1057 AAJ, Argentina"
Tomatoes,138,Carrefour,"Supermercados Día, Buenos Aires, Defensa 748, C1065 AAN, Argentina"
Tomatoes,118,Carrefour,"235, New Taipei City, Zhonghe District, Section 2, Zhongshan Road, 295號B1"
Tomatoes,78,Carrefour,"Carrefour, No. 1, Guilin Road, Wanhua District, Taipei City, Taiwan 108"
Tomatoes,118,Carrefour,"Carrefour, 100, Taiwan, Taipei City, Zhongzheng District, Section 2, Jinan Road, 46號B1"
Tomatoes,118,Carrefour,"Carrefour, No. 276號, Jinzhou Street, Zhongshan District, Taipei City, Taiwan 10477"
Tomatoes,92.99,Supermercados Día,"Carrefour, No. 499-1, Zhonghe Road, Yonghe District, New Taipei City, Taiwan 234"
Tomatoes,,,"Sarmiento 3978, C1425 FGQ, Argentina"
Tomatoes,109,Jumbo,
Tomatoes,84.9,Carrefour,"Arenales 870, C1061 CABA"
Tomatoes,84.9,Carrefour,"Carrefour Market, Av. Santa Fe 1954, C1123 CABA, Argentina"
Tomatoes,87,Supermercados Día,"Carrefour Market, Vicente López 1676, C1018 ABB, Buenos Aires, Argentina"
Tomatoes,110,Jumbo,"Supermercados Día, Fitz Roy 2292, C1425 FVD, Buenos Aires, Argentina"
Tomatoes,95.99,Supermercados Día,"Av. Acoyte 702, C1405 BGS, Buenos Aires"
Tomatoes,109,Supermercados Día,"Supermercados Día, Av. Rivadavia 3566, C1204 AAN, Buenos Aires, Argentina"
Tomatoes,91.4,Carrefour,"Av. Gaona 1290, Buenos Aires"
Tomatoes,92.99,Supermercados Día,"Carrefour Market, Av. Córdoba 1631, C1055 CABA, Argentina"
Tomatoes,109,Supermercados Día,"Supermercados Día, Av. Rivadavia 674, C1002 AAR, Buenos Aires, Argentina"
Tomatoes,110,Carrefour,"Supermercados Día, Buenos Aires, Raúl Scalabrini Ortíz 3170, C1425 DBZ, Argentina"
Tomatoes,30,Carrefour,"Carrefour Market, Raúl Scalabrini Ortíz 3128, C1425 CABA, Argentina"
Tomatoes,110,Jumbo,"Av. Córdoba 2529, C1120 CABA"
Tomatoes,16,Supermercados Día,"Av. Gral. Las Heras 2564, C1425ASP CABA"
Tomatoes,15,Supermercados Día,"Supermercados Día, Av. Rivadavia 1177, C1033 AAB, Buenos Aires, Argentina"
Tomatoes,84.9,Carrefour,"Supermercados Día, C1426AJS AJS, Amenábar 1145, C1426 Buenos Aires, Argentina"
Tomatoes,95.99,Supermercados Día,"Carrefour Market, Av. Rivadavia 3221, C1179 CABA, Argentina"
Tomatoes,110,Jumbo,"Supermercados Día, Junín 638, C1026 ABN, Buenos Aires, Argentina"
Tomatoes,115,Carrefour,"Jumba, Av. Cerviño 4860, C1425 AIO, Buenos Aires, Argentina"
Tomatoes,84.9,Carrefour,"Carrefour Market, Av. Rivadavia 2243, C1034 CABA, Argentina"
Tomatoes,84.9,Carrefour,"Av. Santa Fe 3368, C1425 CABA"
Tomatoes,,Carrefour,"Carrefour Market, Raúl Scalabrini Ortíz 1840, C1414 CABA, Argentina"
Tomatoes,92.99,Supermercados Día,"Carrefour Market, Av. Corrientes 1160, 1043 CABA, Argentina"
Tomatoes,139,Jumbo,"Supermercados Día, Av. Corrientes 3534, C1194 AAO, Buenos Aires, Argentina"
Tomatoes,109,Jumbo,"Jumbo, Av. Santa Fe 4950, C1425 BHY, Buenos Aires, Argentina"
Tomatoes,,Supermercados Día,"Jumbo, Guardia Vieja 4558, C1192 CABA, Argentina"
Tomatoes,,Supermercados Día,"Supermercados Día, Buenos Aires, Paraguay 788, C1057 AAJ, Argentina"
Tomatoes,118,Carrefour,"Supermercados Día, Buenos Aires, Defensa 748, C1065 AAN, Argentina"
Tomatoes,198,Carrefour,"235, New Taipei City, Zhonghe District, Section 2, Zhongshan Road, 295號B1"
Tomatoes,118,Carrefour,"Carrefour, No. 1, Guilin Road, Wanhua District, Taipei City, Taiwan 108"
Tomatoes,13,Carrefour,"Carrefour, 100, Taiwan, Taipei City, Zhongzheng District, Section 2, Jinan Road, 46號B1"
Tomatoes,98,Carrefour,"Carrefour, No. 276號, Jinzhou Street, Zhongshan District, Taipei City, Taiwan 10477"
Tomatoes,188.99,Supermercados Día,"Carrefour, No. 499-1, Zhonghe Road, Yonghe District, New Taipei City, Taiwan 234"
Tomatoes,,,"Sarmiento 3978, C1425 FGQ, Argentina"
Tomatoes,110,Jumbo,
Tomatoes,84.9,Carrefour,"Arenales 870, C1061 CABA"
Tomatoes,,Carrefour,"Carrefour Market, Av. Santa Fe 1954, C1123 CABA, Argentina"
Tomatoes,,Supermercados Día,"Carrefour Market, Vicente López 1676, C1018 ABB, Buenos Aires, Argentina"
Tomatoes,98,Jumbo,"Supermercados Día, Fitz Roy 2292, C1425 FVD, Buenos Aires, Argentina"
Tomatoes,92.99,Supermercados Día,"Av. Acoyte 702, C1405 BGS, Buenos Aires"
Tomatoes,95,Supermercados Día,"Supermercados Día, Av. Rivadavia 3566, C1204 AAN, Buenos Aires, Argentina"
Tomatoes,84.6,Carrefour,"Av. Gaona 1290, Buenos Aires"
Tomatoes,104.99,Supermercados Día,"Carrefour Market, Av. Córdoba 1631, C1055 CABA, Argentina"
Tomatoes,,Supermercados Día,"Supermercados Día, Av. Rivadavia 674, C1002 AAR, Buenos Aires, Argentina"
Tomatoes,,Carrefour,"Supermercados Día, Buenos Aires, Raúl Scalabrini Ortíz 3170, C1425 DBZ, Argentina"
Tomatoes,,Carrefour,"Carrefour Market, Raúl Scalabrini Ortíz 3128, C1425 CABA, Argentina"
Tomatoes,,Jumbo,"Av. Córdoba 2529, C1120 CABA"
Tomatoes,,Supermercados Día,"Av. Gral. Las Heras 2564, C1425ASP CABA"
Tomatoes,,Supermercados Día,"Supermercados Día, Av. Rivadavia 1177, C1033 AAB, Buenos Aires, Argentina"
Tomatoes,104.9,Carrefour,"Supermercados Día, C1426AJS AJS, Amenábar 1145, C1426 Buenos Aires, Argentina"
Tomatoes,101,Supermercados Día,"Carrefour Market, Av. Rivadavia 3221, C1179 CABA, Argentina"
Tomatoes,,Jumbo,"Supermercados Día, Junín 638, C1026 ABN, Buenos Aires, Argentina"
Tomatoes,,Carrefour,"Jumba, Av. Cerviño 4860, C1425 AIO, Buenos Aires, Argentina"
Tomatoes,349,Carrefour,"Carrefour Market, Av. Rivadavia 2243, C1034 CABA, Argentina"
Tomatoes,104.9,Carrefour,"Av. Santa Fe 3368, C1425 CABA"
Tomatoes,,Carrefour,"Carrefour Market, Raúl Scalabrini Ortíz 1840, C1414 CABA, Argentina"
Tomatoes,,Supermercados Día,"Carrefour Market, Av. Corrientes 1160, 1043 CABA, Argentina"
Tomatoes,109,Jumbo,"Supermercados Día, Av. Corrientes 3534, C1194 AAO, Buenos Aires, Argentina"
Tomatoes,139,Jumbo,"Jumbo, Av. Santa Fe 4950, C1425 BHY, Buenos Aires, Argentina"
Tomatoes,,Supermercados Día,"Jumbo, Guardia Vieja 4558, C1192 CABA, Argentina"
Tomatoes,,Supermercados Día,"Supermercados Día, Buenos Aires, Paraguay 788, C1057 AAJ, Argentina"
Tomatoes,278,Carrefour,"Supermercados Día, Buenos Aires, Defensa 748, C1065 AAN, Argentina"
Tomatoes,118,Carrefour,"235, New Taipei City, Zhonghe District, Section 2, Zhongshan Road, 295號B1"
Tomatoes,,Carrefour,"Carrefour, No. 1, Guilin Road, Wanhua District, Taipei City, Taiwan 108"
Tomatoes,98,Carrefour,"Carrefour, 100, Taiwan, Taipei City, Zhongzheng District, Section 2, Jinan Road, 46號B1"
Tomatoes,40,Carrefour,"Carrefour, No. 276號, Jinzhou Street, Zhongshan District, Taipei City, Taiwan 10477"
Tomatoes,,Supermercados Día,"Carrefour, No. 499-1, Zhonghe Road, Yonghe District, New Taipei City, Taiwan 234"
Tomatoes,,,"Sarmiento 3978, C1425 FGQ, Argentina"
Tomatoes,118,Jumbo,
Tomatoes,199,Carrefour,"Arenales 870, C1061 CABA"
Tomatoes,,Carrefour,"Carrefour Market, Av. Santa Fe 1954, C1123 CABA, Argentina"
Tomatoes,,Supermercados Día,"Carrefour Market, Vicente López 1676, C1018 ABB, Buenos Aires, Argentina"
Tomatoes,115,Jumbo,"Supermercados Día, Fitz Roy 2292, C1425 FVD, Buenos Aires, Argentina"
Tomatoes,,Supermercados Día,"Av. Acoyte 702, C1405 BGS, Buenos Aires"
Tomatoes,120,Supermercados Día,"Supermercados Día, Av. Rivadavia 3566, C1204 AAN, Buenos Aires, Argentina"
Tomatoes,,Carrefour,"Av. Gaona 1290, Buenos Aires"
Tomatoes,,Supermercados Día,"Carrefour Market, Av. Córdoba 1631, C1055 CABA, Argentina"
Tomatoes,,Supermercados Día,"Supermercados Día, Av. Rivadavia 674, C1002 AAR, Buenos Aires, Argentina"
Tomatoes,,Carrefour,"Supermercados Día, Buenos Aires, Raúl Scalabrini Ortíz 3170, C1425 DBZ, Argentina"
Tomatoes,,Carrefour,"Carrefour Market, Raúl Scalabrini Ortíz 3128, C1425 CABA, Argentina"
Tomatoes,,Jumbo,"Av. Córdoba 2529, C1120 CABA"
Tomatoes,,Supermercados Día,"Av. Gral. Las Heras 2564, C1425ASP CABA"
Tomatoes,,Supermercados Día,"Supermercados Día, Av. Rivadavia 1177, C1033 AAB, Buenos Aires, Argentina"
Tomatoes,239,Carrefour,"Supermercados Día, C1426AJS AJS, Amenábar 1145, C1426 Buenos Aires, Argentina"
Tomatoes,,Supermercados Día,"Carrefour Market, Av. Rivadavia 3221, C1179 CABA, Argentina"
Tomatoes,,Jumbo,"Supermercados Día, Junín 638, C1026 ABN, Buenos Aires, Argentina"
Tomatoes,,Carrefour,"Jumba, Av. Cerviño 4860, C1425 AIO, Buenos Aires, Argentina"
Tomatoes,239,Carrefour,"Carrefour Market, Av. Rivadavia 2243, C1034 CABA, Argentina"
Tomatoes,,Carrefour,"Av. Santa Fe 3368, C1425 CABA"
Potatoes,26,Carrefour,"Carrefour Market, Raúl Scalabrini Ortíz 1840, C1414 CABA, Argentina"
Potatoes,34.99,Supermercados Día,"Carrefour Market, Av. Corrientes 1160, 1043 CABA, Argentina"
Potatoes,44,Jumbo,"Supermercados Día, Av. Corrientes 3534, C1194 AAO, Buenos Aires, Argentina"
Potatoes,39,Jumbo,"Jumbo, Av. Santa Fe 4950, C1425 BHY, Buenos Aires, Argentina"
Potatoes,,Supermercados Día,"Jumbo, Guardia Vieja 4558, C1192 CABA, Argentina"
Potatoes,,Supermercados Día,"Supermercados Día, Buenos Aires, Paraguay 788, C1057 AAJ, Argentina"
Potatoes,118,Carrefour,"Supermercados Día, Buenos Aires, Defensa 748, C1065 AAN, Argentina"
Potatoes,118,Carrefour,"235, New Taipei City, Zhonghe District, Section 2, Zhongshan Road, 295號B1"
Potatoes,110,Carrefour,"Carrefour, No. 1, Guilin Road, Wanhua District, Taipei City, Taiwan 108"
Potatoes,118,Carrefour,"Carrefour, 100, Taiwan, Taipei City, Zhongzheng District, Section 2, Jinan Road, 46號B1"
Potatoes,110,Carrefour,"Carrefour, No. 276號, Jinzhou Street, Zhongshan District, Taipei City, Taiwan 10477"
Potatoes,34.99,Supermercados Día,"Carrefour, No. 499-1, Zhonghe Road, Yonghe District, New Taipei City, Taiwan 234"
Potatoes,,,"Sarmiento 3978, C1425 FGQ, Argentina"
Potatoes,29,Jumbo,
Potatoes,54.9,Carrefour,"Arenales 870, C1061 CABA"
Potatoes,26,Carrefour,"Carrefour Market, Av. Santa Fe 1954, C1123 CABA, Argentina"
Potatoes,34.99,Supermercados Día,"Carrefour Market, Vicente López 1676, C1018 ABB, Buenos Aires, Argentina"
Potatoes,29,Jumbo,"Supermercados Día, Fitz Roy 2292, C1425 FVD, Buenos Aires, Argentina"
Potatoes,34.99,Supermercados Día,"Av. Acoyte 702, C1405 BGS, Buenos Aires"
Potatoes,1,Supermercados Día,"Supermercados Día, Av. Rivadavia 3566, C1204 AAN, Buenos Aires, Argentina"
Potatoes,35,Carrefour,"Av. Gaona 1290, Buenos Aires"
Potatoes,34.99,Supermercados Día,"Carrefour Market, Av. Córdoba 1631, C1055 CABA, Argentina"
Potatoes,89.9,Supermercados Día,"Supermercados Día, Av. Rivadavia 674, C1002 AAR, Buenos Aires, Argentina"
Potatoes,33,Carrefour,"Supermercados Día, Buenos Aires, Raúl Scalabrini Ortíz 3170, C1425 DBZ, Argentina"
Potatoes,26,Carrefour,"Carrefour Market, Raúl Scalabrini Ortíz 3128, C1425 CABA, Argentina"
Potatoes,35,Jumbo,"Av. Córdoba 2529, C1120 CABA"
Potatoes,35,Supermercados Día,"Av. Gral. Las Heras 2564, C1425ASP CABA"
Potatoes,35,Supermercados Día,"Supermercados Día, Av. Rivadavia 1177, C1033 AAB, Buenos Aires, Argentina"
Potatoes,357,Carrefour,"Supermercados Día, C1426AJS AJS, Amenábar 1145, C1426 Buenos Aires, Argentina"
Potatoes,149.9,Supermercados Día,"Carrefour Market, Av. Rivadavia 3221, C1179 CABA, Argentina"
Potatoes,29,Jumbo,"Supermercados Día, Junín 638, C1026 ABN, Buenos Aires, Argentina"
Potatoes,35,Carrefour,"Jumba, Av. Cerviño 4860, C1425 AIO, Buenos Aires, Argentina"
Potatoes,183,Carrefour,"Carrefour Market, Av. Rivadavia 2243, C1034 CABA, Argentina"
Potatoes,26,Carrefour,"Av. Santa Fe 3368, C1425 CABA"
Potatoes,55,Carrefour,"Carrefour Market, Raúl Scalabrini Ortíz 1840, C1414 CABA, Argentina"
Potatoes,,Supermercados Día,"Carrefour Market, Av. Corrientes 1160, 1043 CABA, Argentina"
Potatoes,26,Jumbo,"Supermercados Día, Av. Corrientes 3534, C1194 AAO, Buenos Aires, Argentina"
Potatoes,55,Jumbo,"Jumbo, Av. Santa Fe 4950, C1425 BHY, Buenos Aires, Argentina"
Potatoes,,Supermercados Día,"Jumbo, Guardia Vieja 4558, C1192 CABA, Argentina"
Potatoes,,Supermercados Día,"Supermercados Día, Buenos Aires, Paraguay 788, C1057 AAJ, Argentina"
Potatoes,,Carrefour,"Supermercados Día, Buenos Aires, Defensa 748, C1065 AAN, Argentina"
Potatoes,138,Carrefour,"235, New Taipei City, Zhonghe District, Section 2, Zhongshan Road, 295號B1"
Potatoes,118,Carrefour,"Carrefour, No. 1, Guilin Road, Wanhua District, Taipei City, Taiwan 108"
Potatoes,26,Carrefour,"Carrefour, 100, Taiwan, Taipei City, Zhongzheng District, Section 2, Jinan Road, 46號B1"
Potatoes,118,Carrefour,"Carrefour, No. 276號, Jinzhou Street, Zhongshan District, Taipei City, Taiwan 10477"
Potatoes,,Supermercados Día,"Carrefour, No. 499-1, Zhonghe Road, Yonghe District, New Taipei City, Taiwan 234"
Potatoes,,,"Sarmiento 3978, C1425 FGQ, Argentina"
Potatoes,,Jumbo,
Potatoes,183,Carrefour,"Arenales 870, C1061 CABA"
Potatoes,,Carrefour,"Carrefour Market, Av. Santa Fe 1954, C1123 CABA, Argentina"
Potatoes,,Supermercados Día,"Carrefour Market, Vicente López 1676, C1018 ABB, Buenos Aires, Argentina"
Potatoes,39,Jumbo,"Supermercados Día, Fitz Roy 2292, C1425 FVD, Buenos Aires, Argentina"
Potatoes,,Supermercados Día,"Av. Acoyte 702, C1405 BGS, Buenos Aires"
Potatoes,24,Supermercados Día,"Supermercados Día, Av. Rivadavia 3566, C1204 AAN, Buenos Aires, Argentina"
Potatoes,49.8,Carrefour,"Av. Gaona 1290, Buenos Aires"
Potatoes,,Supermercados Día,"Carrefour Market, Av. Córdoba 1631, C1055 CABA, Argentina"
Potatoes,29,Supermercados Día,"Supermercados Día, Av. Rivadavia 674, C1002 AAR, Buenos Aires, Argentina"
Potatoes,,Carrefour,"Supermercados Día, Buenos Aires, Raúl Scalabrini Ortíz 3170, C1425 DBZ, Argentina"
Potatoes,,Carrefour,"Carrefour Market, Raúl Scalabrini Ortíz 3128, C1425 CABA, Argentina"
Potatoes,,Jumbo,"Av. Córdoba 2529, C1120 CABA"
Potatoes,,Supermercados Día,"Av. Gral. Las Heras 2564, C1425ASP CABA"
Potatoes,,Supermercados Día,"Supermercados Día, Av. Rivadavia 1177, C1033 AAB, Buenos Aires, Argentina"
Potatoes,228,Carrefour,"Supermercados Día, C1426AJS AJS, Amenábar 1145, C1426 Buenos Aires, Argentina"
Potatoes,147.99,Supermercados Día,"Carrefour Market, Av. Rivadavia 3221, C1179 CABA, Argentina"
Potatoes,,Jumbo,"Supermercados Día, Junín 638, C1026 ABN, Buenos Aires, Argentina"
Potatoes,,Carrefour,"Jumba, Av. Cerviño 4860, C1425 AIO, Buenos Aires, Argentina"
Potatoes,122,Carrefour,"Carrefour Market, Av. Rivadavia 2243, C1034 CABA, Argentina"
Potatoes,,Carrefour,"Av. Santa Fe 3368, C1425 CABA"
Potatoes,54.9,Carrefour,"Carrefour Market, Raúl Scalabrini Ortíz 1840, C1414 CABA, Argentina"
Potatoes,,Supermercados Día,"Carrefour Market, Av. Corrientes 1160, 1043 CABA, Argentina"
Potatoes,58,Jumbo,"Supermercados Día, Av. Corrientes 3534, C1194 AAO, Buenos Aires, Argentina"
Potatoes,,Jumbo,"Jumbo, Av. Santa Fe 4950, C1425 BHY, Buenos Aires, Argentina"
Potatoes,,Supermercados Día,"Jumbo, Guardia Vieja 4558, C1192 CABA, Argentina"
Potatoes,,Supermercados Día,"Supermercados Día, Buenos Aires, Paraguay 788, C1057 AAJ, Argentina"
Potatoes,,Carrefour,"Supermercados Día, Buenos Aires, Defensa 748, C1065 AAN, Argentina"
Potatoes,26,Carrefour,"235, New Taipei City, Zhonghe District, Section 2, Zhongshan Road, 295號B1"
Potatoes,26,Carrefour,"Carrefour, No. 1, Guilin Road, Wanhua District, Taipei City, Taiwan 108"
Potatoes,,Carrefour,"Carrefour, 100, Taiwan, Taipei City, Zhongzheng District, Section 2, Jinan Road, 46號B1"
Potatoes,26,Carrefour,"Carrefour, No. 276號, Jinzhou Street, Zhongshan District, Taipei City, Taiwan 10477"
Potatoes,,Supermercados Día,"Carrefour, No. 499-1, Zhonghe Road, Yonghe District, New Taipei City, Taiwan 234"
Potatoes,,,"Sarmiento 3978, C1425 FGQ, Argentina"
Potatoes,,Jumbo,
Potatoes,26,Carrefour,"Arenales 870, C1061 CABA"
Potatoes,,Carrefour,"Carrefour Market, Av. Santa Fe 1954, C1123 CABA, Argentina"
Potatoes,,Supermercados Día,"Carrefour Market, Vicente López 1676, C1018 ABB, Buenos Aires, Argentina"
Potatoes,58,Jumbo,"Supermercados Día, Fitz Roy 2292, C1425 FVD, Buenos Aires, Argentina"
Potatoes,,Supermercados Día,"Av. Acoyte 702, C1405 BGS, Buenos Aires"
Potatoes,31,Supermercados Día,"Supermercados Día, Av. Rivadavia 3566, C1204 AAN, Buenos Aires, Argentina"
Potatoes,35,Carrefour,"Av. Gaona 1290, Buenos Aires"
Potatoes,,Supermercados Día,"Carrefour Market, Av. Córdoba 1631, C1055 CABA, Argentina"
Potatoes,,Supermercados Día,"Supermercados Día, Av. Rivadavia 674, C1002 AAR, Buenos Aires, Argentina"
Potatoes,,Carrefour,"Supermercados Día, Buenos Aires, Raúl Scalabrini Ortíz 3170, C1425 DBZ, Argentina"
Potatoes,,Carrefour,"Carrefour Market, Raúl Scalabrini Ortíz 3128, C1425 CABA, Argentina"
Potatoes,,Jumbo,"Av. Córdoba 2529, C1120 CABA"
Potatoes,,Supermercados Día,"Av. Gral. Las Heras 2564, C1425ASP CABA"
Potatoes,,Supermercados Día,"Supermercados Día, Av. Rivadavia 1177, C1033 AAB, Buenos Aires, Argentina"
Potatoes,212,Carrefour,"Supermercados Día, C1426AJS AJS, Amenábar 1145, C1426 Buenos Aires, Argentina"
Potatoes,79.9,Supermercados Día,"Carrefour Market, Av. Rivadavia 3221, C1179 CABA, Argentina"
Potatoes,,Jumbo,"Supermercados Día, Junín 638, C1026 ABN, Buenos Aires, Argentina"
Potatoes,,Carrefour,"Jumba, Av. Cerviño 4860, C1425 AIO, Buenos Aires, Argentina"
Potatoes,,Carrefour,"Carrefour Market, Av. Rivadavia 2243, C1034 CABA, Argentina"
Potatoes,,Carrefour,"Av. Santa Fe 3368, C1425 CABA"
Flour,46,Carrefour,"Carrefour Market, Raúl Scalabrini Ortíz 1840, C1414 CABA, Argentina"
Flour,40.69,Supermercados Día,"Carrefour Market, Av. Corrientes 1160, 1043 CABA, Argentina"
Flour,40,Jumbo,"Supermercados Día, Av. Corrientes 3534, C1194 AAO, Buenos Aires, Argentina"
Flour,83,Jumbo,"Jumbo, Av. Santa Fe 4950, C1425 BHY, Buenos Aires, Argentina"
Flour,49.99,Supermercados Día,"Jumbo, Guardia Vieja 4558, C1192 CABA, Argentina"
Flour,54.99,Supermercados Día,"Supermercados Día, Buenos Aires, Paraguay 788, C1057 AAJ, Argentina"
Flour,,Carrefour,"Supermercados Día, Buenos Aires, Defensa 748, C1065 AAN, Argentina"
Flour,8,Carrefour,"235, New Taipei City, Zhonghe District, Section 2, Zhongshan Road, 295號B1"
Flour,78,Carrefour,"Carrefour, No. 1, Guilin Road, Wanhua District, Taipei City, Taiwan 108"
Flour,78,Carrefour,"Carrefour, 100, Taiwan, Taipei City, Zhongzheng District, Section 2, Jinan Road, 46號B1"
Flour,78,Carrefour,"Carrefour, No. 276號, Jinzhou Street, Zhongshan District, Taipei City, Taiwan 10477"
Flour,133.98,Supermercados Día,"Carrefour, No. 499-1, Zhonghe Road, Yonghe District, New Taipei City, Taiwan 234"
Flour,,,"Sarmiento 3978, C1425 FGQ, Argentina"
Flour,52,Jumbo,
Flour,46,Carrefour,"Arenales 870, C1061 CABA"
Flour,33,Carrefour,"Carrefour Market, Av. Santa Fe 1954, C1123 CABA, Argentina"
Flour,65,Supermercados Día,"Carrefour Market, Vicente López 1676, C1018 ABB, Buenos Aires, Argentina"
Flour,62.65,Jumbo,"Supermercados Día, Fitz Roy 2292, C1425 FVD, Buenos Aires, Argentina"
Flour,33,Supermercados Día,"Av. Acoyte 702, C1405 BGS, Buenos Aires"
Flour,35,Supermercados Día,"Supermercados Día, Av. Rivadavia 3566, C1204 AAN, Buenos Aires, Argentina"
Flour,57,Carrefour,"Av. Gaona 1290, Buenos Aires"
Flour,40.69,Supermercados Día,"Carrefour Market, Av. Córdoba 1631, C1055 CABA, Argentina"
Flour,49,Supermercados Día,"Supermercados Día, Av. Rivadavia 674, C1002 AAR, Buenos Aires, Argentina"
Flour,49,Carrefour,"Supermercados Día, Buenos Aires, Raúl Scalabrini Ortíz 3170, C1425 DBZ, Argentina"
Flour,45,Carrefour,"Carrefour Market, Raúl Scalabrini Ortíz 3128, C1425 CABA, Argentina"
Flour,46,Jumbo,"Av. Córdoba 2529, C1120 CABA"
Flour,67,Supermercados Día,"Av. Gral. Las Heras 2564, C1425ASP CABA"
Flour,65.3,Supermercados Día,"Supermercados Día, Av. Rivadavia 1177, C1033 AAB, Buenos Aires, Argentina"
Flour,66,Carrefour,"Supermercados Día, C1426AJS AJS, Amenábar 1145, C1426 Buenos Aires, Argentina"
Flour,64.99,Supermercados Día,"Carrefour Market, Av. Rivadavia 3221, C1179 CABA, Argentina"
Flour,49,Jumbo,"Supermercados Día, Junín 638, C1026 ABN, Buenos Aires, Argentina"
Flour,62,Carrefour,"Jumba, Av. Cerviño 4860, C1425 AIO, Buenos Aires, Argentina"
Flour,52,Carrefour,"Carrefour Market, Av. Rivadavia 2243, C1034 CABA, Argentina"
Flour,64,Carrefour,"Av. Santa Fe 3368, C1425 CABA"
Flour,33,Carrefour,"Carrefour Market, Raúl Scalabrini Ortíz 1840, C1414 CABA, Argentina"
Flour,,Supermercados Día,"Carrefour Market, Av. Corrientes 1160, 1043 CABA, Argentina"
Flour,77.5,Jumbo,"Supermercados Día, Av. Corrientes 3534, C1194 AAO, Buenos Aires, Argentina"
Flour,80,Jumbo,"Jumbo, Av. Santa Fe 4950, C1425 BHY, Buenos Aires, Argentina"
Flour,52,Supermercados Día,"Jumbo, Guardia Vieja 4558, C1192 CABA, Argentina"
Flour,51.99,Supermercados Día,"Supermercados Día, Buenos Aires, Paraguay 788, C1057 AAJ, Argentina"
Flour,,Carrefour,"Supermercados Día, Buenos Aires, Defensa 748, C1065 AAN, Argentina"
Flour,23,Carrefour,"235, New Taipei City, Zhonghe District, Section 2, Zhongshan Road, 295號B1"
Flour,106,Carrefour,"Carrefour, No. 1, Guilin Road, Wanhua District, Taipei City, Taiwan 108"
Flour,,Carrefour,"Carrefour, 100, Taiwan, Taipei City, Zhongzheng District, Section 2, Jinan Road, 46號B1"
Flour,52,Carrefour,"Carrefour, No. 276號, Jinzhou Street, Zhongshan District, Taipei City, Taiwan 10477"
Flour,125.28,Supermercados Día,"Carrefour, No. 499-1, Zhonghe Road, Yonghe District, New Taipei City, Taiwan 234"
Flour,,,"Sarmiento 3978, C1425 FGQ, Argentina"
Flour,46,Jumbo,
Flour,34.7,Carrefour,"Arenales 870, C1061 CABA"
Flour,46,Carrefour,"Carrefour Market, Av. Santa Fe 1954, C1123 CABA, Argentina"
Flour,70,Supermercados Día,"Carrefour Market, Vicente López 1676, C1018 ABB, Buenos Aires, Argentina"
Flour,35,Jumbo,"Supermercados Día, Fitz Roy 2292, C1425 FVD, Buenos Aires, Argentina"
Flour,51.99,Supermercados Día,"Av. Acoyte 702, C1405 BGS, Buenos Aires"
Flour,41,Supermercados Día,"Supermercados Día, Av. Rivadavia 3566, C1204 AAN, Buenos Aires, Argentina"
Flour,42.5,Carrefour,"Av. Gaona 1290, Buenos Aires"
Flour,54.5,Supermercados Día,"Carrefour Market, Av. Córdoba 1631, C1055 CABA, Argentina"
Flour,46,Supermercados Día,"Supermercados Día, Av. Rivadavia 674, C1002 AAR, Buenos Aires, Argentina"
Flour,33,Carrefour,"Supermercados Día, Buenos Aires, Raúl Scalabrini Ortíz 3170, C1425 DBZ, Argentina"
Flour,,Carrefour,"Carrefour Market, Raúl Scalabrini Ortíz 3128, C1425 CABA, Argentina"
Flour,33,Jumbo,"Av. Córdoba 2529, C1120 CABA"
Flour,73.89,Supermercados Día,"Av. Gral. Las Heras 2564, C1425ASP CABA"
Flour,75,Supermercados Día,"Supermercados Día, Av. Rivadavia 1177, C1033 AAB, Buenos Aires, Argentina"
Flour,79,Carrefour,"Supermercados Día, C1426AJS AJS, Amenábar 1145, C1426 Buenos Aires, Argentina"
Flour,79.99,Supermercados Día,"Carrefour Market, Av. Rivadavia 3221, C1179 CABA, Argentina"
Flour,46,Jumbo,"Supermercados Día, Junín 638, C1026 ABN, Buenos Aires, Argentina"
Flour,65,Carrefour,"Jumba, Av. Cerviño 4860, C1425 AIO, Buenos Aires, Argentina"
Flour,49,Carrefour,"Carrefour Market, Av. Rivadavia 2243, C1034 CABA, Argentina"
Flour,49,Carrefour,"Av. Santa Fe 3368, C1425 CABA"
Flour,54.9,Carrefour,"Carrefour Market, Raúl Scalabrini Ortíz 1840, C1414 CABA, Argentina"
Flour,,Supermercados Día,"Carrefour Market, Av. Corrientes 1160, 1043 CABA, Argentina"
Flour,64,Jumbo,"Supermercados Día, Av. Corrientes 3534, C1194 AAO, Buenos Aires, Argentina"
Flour,66.89,Jumbo,"Jumbo, Av. Santa Fe 4950, C1425 BHY, Buenos Aires, Argentina"
Flour,45.99,Supermercados Día,"Jumbo, Guardia Vieja 4558, C1192 CABA, Argentina"
Flour,45.99,Supermercados Día,"Supermercados Día, Buenos Aires, Paraguay 788, C1057 AAJ, Argentina"
Flour,,Carrefour,"Supermercados Día, Buenos Aires, Defensa 748, C1065 AAN, Argentina"
Flour,13.8,Carrefour,"235, New Taipei City, Zhonghe District, Section 2, Zhongshan Road, 295號B1"
Flour,78,Carrefour,"Carrefour, No. 1, Guilin Road, Wanhua District, Taipei City, Taiwan 108"
Flour,,Carrefour,"Carrefour, 100, Taiwan, Taipei City, Zhongzheng District, Section 2, Jinan Road, 46號B1"
Flour,190,Carrefour,"Carrefour, No. 276號, Jinzhou Street, Zhongshan District, Taipei City, Taiwan 10477"
Flour,,Supermercados Día,"Carrefour, No. 499-1, Zhonghe Road, Yonghe District, New Taipei City, Taiwan 234"
Flour,,,"Sarmiento 3978, C1425 FGQ, Argentina"
Flour,,Jumbo,
Flour,49,Carrefour,"Arenales 870, C1061 CABA"
Flour,52,Carrefour,"Carrefour Market, Av. Santa Fe 1954, C1123 CABA, Argentina"
Flour,,Supermercados Día,"Carrefour Market, Vicente López 1676, C1018 ABB, Buenos Aires, Argentina"
Flour,56,Jumbo,"Supermercados Día, Fitz Roy 2292, C1425 FVD, Buenos Aires, Argentina"
Flour,54.99,Supermercados Día,"Av. Acoyte 702, C1405 BGS, Buenos Aires"
Flour,29,Supermercados Día,"Supermercados Día, Av. Rivadavia 3566, C1204 AAN, Buenos Aires, Argentina"
Flour,32.2,Carrefour,"Av. Gaona 1290, Buenos Aires"
Flour,,Supermercados Día,"Carrefour Market, Av. Córdoba 1631, C1055 CABA, Argentina"
Flour,76,Supermercados Día,"Supermercados Día, Av. Rivadavia 674, C1002 AAR, Buenos Aires, Argentina"
Flour,86,Carrefour,"Supermercados Día, Buenos Aires, Raúl Scalabrini Ortíz 3170, C1425 DBZ, Argentina"
Flour,,Carrefour,"Carrefour Market, Raúl Scalabrini Ortíz 3128, C1425 CABA, Argentina"
Flour,,Jumbo,"Av. Córdoba 2529, C1120 CABA"
Flour,82,Supermercados Día,"Av. Gral. Las Heras 2564, C1425ASP CABA"
Flour,70,Supermercados Día,"Supermercados Día, Av. Rivadavia 1177, C1033 AAB, Buenos Aires, Argentina"
Flour,68,Carrefour,"Supermercados Día, C1426AJS AJS, Amenábar 1145, C1426 Buenos Aires, Argentina"
Flour,85.49,Supermercados Día,"Carrefour Market, Av. Rivadavia 3221, C1179 CABA, Argentina"
Flour,57,Jumbo,"Supermercados Día, Junín 638, C1026 ABN, Buenos Aires, Argentina"
Flour,,Carrefour,"Jumba, Av. Cerviño 4860, C1425 AIO, Buenos Aires, Argentina"
Flour,65,Carrefour,"Carrefour Market, Av. Rivadavia 2243, C1034 CABA, Argentina"
Flour,46,Carrefour,"Av. Santa Fe 3368, C1425 CABA"
Rice,53.5,Carrefour,"Carrefour Market, Raúl Scalabrini Ortíz 1840, C1414 CABA, Argentina"
Rice,59.99,Supermercados Día,"Carrefour Market, Av. Corrientes 1160, 1043 CABA, Argentina"
Rice,54,Jumbo,"Supermercados Día, Av. Corrientes 3534, C1194 AAO, Buenos Aires, Argentina"
Rice,53.5,Jumbo,"Jumbo, Av. Santa Fe 4950, C1425 BHY, Buenos Aires, Argentina"
Rice,74.99,Supermercados Día,"Jumbo, Guardia Vieja 4558, C1192 CABA, Argentina"
Rice,59.98,Supermercados Día,"Supermercados Día, Buenos Aires, Paraguay 788, C1057 AAJ, Argentina"
Rice,,Carrefour,"Supermercados Día, Buenos Aires, Defensa 748, C1065 AAN, Argentina"
Rice,105,Carrefour,"235, New Taipei City, Zhonghe District, Section 2, Zhongshan Road, 295號B1"
Rice,318,Carrefour,"Carrefour, No. 1, Guilin Road, Wanhua District, Taipei City, Taiwan 108"
Rice,,Carrefour,"Carrefour, 100, Taiwan, Taipei City, Zhongzheng District, Section 2, Jinan Road, 46號B1"
Rice,198,Carrefour,"Carrefour, No. 276號, Jinzhou Street, Zhongshan District, Taipei City, Taiwan 10477"
Rice,53.56,Supermercados Día,"Carrefour, No. 499-1, Zhonghe Road, Yonghe District, New Taipei City, Taiwan 234"
Rice,,,"Sarmiento 3978, C1425 FGQ, Argentina"
Rice,73,Jumbo,
Rice,28,Carrefour,"Arenales 870, C1061 CABA"
Rice,53,Carrefour,"Carrefour Market, Av. Santa Fe 1954, C1123 CABA, Argentina"
Rice,60,Supermercados Día,"Carrefour Market, Vicente López 1676, C1018 ABB, Buenos Aires, Argentina"
Rice,,Jumbo,"Supermercados Día, Fitz Roy 2292, C1425 FVD, Buenos Aires, Argentina"
Rice,74.99,Supermercados Día,"Av. Acoyte 702, C1405 BGS, Buenos Aires"
Rice,,Supermercados Día,"Supermercados Día, Av. Rivadavia 3566, C1204 AAN, Buenos Aires, Argentina"
Rice,56,Carrefour,"Av. Gaona 1290, Buenos Aires"
Rice,53.5,Supermercados Día,"Carrefour Market, Av. Córdoba 1631, C1055 CABA, Argentina"
Rice,87,Supermercados Día,"Supermercados Día, Av. Rivadavia 674, C1002 AAR, Buenos Aires, Argentina"
Rice,140,Carrefour,"Supermercados Día, Buenos Aires, Raúl Scalabrini Ortíz 3170, C1425 DBZ, Argentina"
Rice,64,Carrefour,"Carrefour Market, Raúl Scalabrini Ortíz 3128, C1425 CABA, Argentina"
Rice,53.3,Jumbo,"Av. Córdoba 2529, C1120 CABA"
Rice,68.3,Supermercados Día,"Av. Gral. Las Heras 2564, C1425ASP CABA"
Rice,68,Supermercados Día,"Supermercados Día, Av. Rivadavia 1177, C1033 AAB, Buenos Aires, Argentina"
Rice,155,Carrefour,"Supermercados Día, C1426AJS AJS, Amenábar 1145, C1426 Buenos Aires, Argentina"
Rice,124.99,Supermercados Día,"Carrefour Market, Av. Rivadavia 3221, C1179 CABA, Argentina"
Rice,62,Jumbo,"Supermercados Día, Junín 638, C1026 ABN, Buenos Aires, Argentina"
Rice,66,Carrefour,"Jumba, Av. Cerviño 4860, C1425 AIO, Buenos Aires, Argentina"
Rice,53,Carrefour,"Carrefour Market, Av. Rivadavia 2243, C1034 CABA, Argentina"
Rice,74,Carrefour,"Av. Santa Fe 3368, C1425 CABA"
Rice,61,Carrefour,"Carrefour Market, Raúl Scalabrini Ortíz 1840, C1414 CABA, Argentina"
Rice,67.98,Supermercados Día,"Carrefour Market, Av. Corrientes 1160, 1043 CABA, Argentina"
Rice,53.5,Jumbo,"Supermercados Día, Av. Corrientes 3534, C1194 AAO, Buenos Aires, Argentina"
Rice,66,Jumbo,"Jumbo, Av. Santa Fe 4950, C1425 BHY, Buenos Aires, Argentina"
Rice,68.29,Supermercados Día,"Jumbo, Guardia Vieja 4558, C1192 CABA, Argentina"
Rice,76.99,Supermercados Día,"Supermercados Día, Buenos Aires, Paraguay 788, C1057 AAJ, Argentina"
Rice,,Carrefour,"Supermercados Día, Buenos Aires, Defensa 748, C1065 AAN, Argentina"
Rice,200,Carrefour,"235, New Taipei City, Zhonghe District, Section 2, Zhongshan Road, 295號B1"
Rice,396,Carrefour,"Carrefour, No. 1, Guilin Road, Wanhua District, Taipei City, Taiwan 108"
Rice,,Carrefour,"Carrefour, 100, Taiwan, Taipei City, Zhongzheng District, Section 2, Jinan Road, 46號B1"
Rice,396,Carrefour,"Carrefour, No. 276號, Jinzhou Street, Zhongshan District, Taipei City, Taiwan 10477"
Rice,66.5,Supermercados Día,"Carrefour, No. 499-1, Zhonghe Road, Yonghe District, New Taipei City, Taiwan 234"
Rice,,,"Sarmiento 3978, C1425 FGQ, Argentina"
Rice,59,Jumbo,
Rice,33.1,Carrefour,"Arenales 870, C1061 CABA"
Rice,76,Carrefour,"Carrefour Market, Av. Santa Fe 1954, C1123 CABA, Argentina"
Rice,65,Supermercados Día,"Carrefour Market, Vicente López 1676, C1018 ABB, Buenos Aires, Argentina"
Rice,,Jumbo,"Supermercados Día, Fitz Roy 2292, C1425 FVD, Buenos Aires, Argentina"
Rice,66.99,Supermercados Día,"Av. Acoyte 702, C1405 BGS, Buenos Aires"
Rice,,Supermercados Día,"Supermercados Día, Av. Rivadavia 3566, C1204 AAN, Buenos Aires, Argentina"
Rice,54.4,Carrefour,"Av. Gaona 1290, Buenos Aires"
Rice,76.99,Supermercados Día,"Carrefour Market, Av. Córdoba 1631, C1055 CABA, Argentina"
Rice,96,Supermercados Día,"Supermercados Día, Av. Rivadavia 674, C1002 AAR, Buenos Aires, Argentina"
Rice,59,Carrefour,"Supermercados Día, Buenos Aires, Raúl Scalabrini Ortíz 3170, C1425 DBZ, Argentina"
Rice,54,Carrefour,"Carrefour Market, Raúl Scalabrini Ortíz 3128, C1425 CABA, Argentina"
Rice,72,Jumbo,"Av. Córdoba 2529, C1120 CABA"
Rice,75,Supermercados Día,"Av. Gral. Las Heras 2564, C1425ASP CABA"
Rice,72.3,Supermercados Día,"Supermercados Día, Av. Rivadavia 1177, C1033 AAB, Buenos Aires, Argentina"
Rice,161,Carrefour,"Supermercados Día, C1426AJS AJS, Amenábar 1145, C1426 Buenos Aires, Argentina"
Rice,56.99,Supermercados Día,"Carrefour Market, Av. Rivadavia 3221, C1179 CABA, Argentina"
Rice,,Jumbo,"Supermercados Día, Junín 638, C1026 ABN, Buenos Aires, Argentina"
Rice,,Carrefour,"Jumba, Av. Cerviño 4860, C1425 AIO, Buenos Aires, Argentina"
Rice,64,Carrefour,"Carrefour Market, Av. Rivadavia 2243, C1034 CABA, Argentina"
Rice,53.5,Carrefour,"Av. Santa Fe 3368, C1425 CABA"
Rice,54.5,Carrefour,"Carrefour Market, Raúl Scalabrini Ortíz 1840, C1414 CABA, Argentina"
Rice,49.99,Supermercados Día,"Carrefour Market, Av. Corrientes 1160, 1043 CABA, Argentina"
Rice,54.5,Jumbo,"Supermercados Día, Av. Corrientes 3534, C1194 AAO, Buenos Aires, Argentina"
Rice,54.3,Jumbo,"Jumbo, Av. Santa Fe 4950, C1425 BHY, Buenos Aires, Argentina"
Rice,49.99,Supermercados Día,"Jumbo, Guardia Vieja 4558, C1192 CABA, Argentina"
Rice,53.5,Supermercados Día,"Supermercados Día, Buenos Aires, Paraguay 788, C1057 AAJ, Argentina"
Rice,,Carrefour,"Supermercados Día, Buenos Aires, Defensa 748, C1065 AAN, Argentina"
Rice,300,Carrefour,"235, New Taipei City, Zhonghe District, Section 2, Zhongshan Road, 295號B1"
Rice,396,Carrefour,"Carrefour, No. 1, Guilin Road, Wanhua District, Taipei City, Taiwan 108"
Rice,,Carrefour,"Carrefour, 100, Taiwan, Taipei City, Zhongzheng District, Section 2, Jinan Road, 46號B1"
Rice,230,Carrefour,"Carrefour, No. 276號, Jinzhou Street, Zhongshan District, Taipei City, Taiwan 10477"
Rice,76.99,Supermercados Día,"Carrefour, No. 499-1, Zhonghe Road, Yonghe District, New Taipei City, Taiwan 234"
Rice,,,"Sarmiento 3978, C1425 FGQ, Argentina"
Rice,66,Jumbo,
Rice,53,Carrefour,"Arenales 870, C1061 CABA"
Rice,60,Carrefour,"Carrefour Market, Av. Santa Fe 1954, C1123 CABA, Argentina"
Rice,,Supermercados Día,"Carrefour Market, Vicente López 1676, C1018 ABB, Buenos Aires, Argentina"
Rice,,Jumbo,"Supermercados Día, Fitz Roy 2292, C1425 FVD, Buenos Aires, Argentina"
Rice,33.99,Supermercados Día,"Av. Acoyte 702, C1405 BGS, Buenos Aires"
Rice,,Supermercados Día,"Supermercados Día, Av. Rivadavia 3566, C1204 AAN, Buenos Aires, Argentina"
Rice,61.7,Carrefour,"Av. Gaona 1290, Buenos Aires"
Rice,66,Supermercados Día,"Carrefour Market, Av. Córdoba 1631, C1055 CABA, Argentina"
Rice,59,Supermercados Día,"Supermercados Día, Av. Rivadavia 674, C1002 AAR, Buenos Aires, Argentina"
Rice,41,Carrefour,"Supermercados Día, Buenos Aires, Raúl Scalabrini Ortíz 3170, C1425 DBZ, Argentina"
Rice,66,Carrefour,"Carrefour Market, Raúl Scalabrini Ortíz 3128, C1425 CABA, Argentina"
Rice,68,Jumbo,"Av. Córdoba 2529, C1120 CABA"
Rice,53.5,Supermercados Día,"Av. Gral. Las Heras 2564, C1425ASP CABA"
Rice,70,Supermercados Día,"Supermercados Día, Av. Rivadavia 1177, C1033 AAB, Buenos Aires, Argentina"
Rice,146,Carrefour,"Supermercados Día, C1426AJS AJS, Amenábar 1145, C1426 Buenos Aires, Argentina"
Rice,98.49,Supermercados Día,"Carrefour Market, Av. Rivadavia 3221, C1179 CABA, Argentina"
Rice,,Jumbo,"Supermercados Día, Junín 638, C1026 ABN, Buenos Aires, Argentina"
Rice,,Carrefour,"Jumba, Av. Cerviño 4860, C1425 AIO, Buenos Aires, Argentina"
Rice,82,Carrefour,"Carrefour Market, Av. Rivadavia 2243, C1034 CABA, Argentina"
Rice,37,Carrefour,"Av. Santa Fe 3368, C1425 CABA"
Milk,40.25,Carrefour,"Carrefour Market, Raúl Scalabrini Ortíz 1840, C1414 CABA, Argentina"
Milk,52.49,Supermercados Día,"Carrefour Market, Av. Corrientes 1160, 1043 CABA, Argentina"
Milk,69,Jumbo,"Supermercados Día, Av. Corrientes 3534, C1194 AAO, Buenos Aires, Argentina"
Milk,40.25,Jumbo,"Jumbo, Av. Santa Fe 4950, C1425 BHY, Buenos Aires, Argentina"
Milk,44.29,Supermercados Día,"Jumbo, Guardia Vieja 4558, C1192 CABA, Argentina"
Milk,68.99,Supermercados Día,"Supermercados Día, Buenos Aires, Paraguay 788, C1057 AAJ, Argentina"
Milk,170,Carrefour,"Supermercados Día, Buenos Aires, Defensa 748, C1065 AAN, Argentina"
Milk,18.08,Carrefour,"235, New Taipei City, Zhonghe District, Section 2, Zhongshan Road, 295號B1"
Milk,330,Carrefour,"Carrefour, No. 1, Guilin Road, Wanhua District, Taipei City, Taiwan 108"
Milk,170,Carrefour,"Carrefour, 100, Taiwan, Taipei City, Zhongzheng District, Section 2, Jinan Road, 46號B1"
Milk,324,Carrefour,"Carrefour, No. 276號, Jinzhou Street, Zhongshan District, Taipei City, Taiwan 10477"
Milk,68.99,Supermercados Día,"Carrefour, No. 499-1, Zhonghe Road, Yonghe District, New Taipei City, Taiwan 234"
Milk,,,"Sarmiento 3978, C1425 FGQ, Argentina"
Milk,60,Jumbo,
Milk,45,Carrefour,"Arenales 870, C1061 CABA"
Milk,51,Carrefour,"Carrefour Market, Av. Santa Fe 1954, C1123 CABA, Argentina"
Milk,46,Supermercados Día,"Carrefour Market, Vicente López 1676, C1018 ABB, Buenos Aires, Argentina"
Milk,60,Jumbo,"Supermercados Día, Fitz Roy 2292, C1425 FVD, Buenos Aires, Argentina"
Milk,40.25,Supermercados Día,"Av. Acoyte 702, C1405 BGS, Buenos Aires"
Milk,45,Supermercados Día,"Supermercados Día, Av. Rivadavia 3566, C1204 AAN, Buenos Aires, Argentina"
Milk,45.77,Carrefour,"Av. Gaona 1290, Buenos Aires"
Milk,49.99,Supermercados Día,"Carrefour Market, Av. Córdoba 1631, C1055 CABA, Argentina"
Milk,70,Supermercados Día,"Supermercados Día, Av. Rivadavia 674, C1002 AAR, Buenos Aires, Argentina"
Milk,70,Carrefour,"Supermercados Día, Buenos Aires, Raúl Scalabrini Ortíz 3170, C1425 DBZ, Argentina"
Milk,69,Carrefour,"Carrefour Market, Raúl Scalabrini Ortíz 3128, C1425 CABA, Argentina"
Milk,65,Jumbo,"Av. Córdoba 2529, C1120 CABA"
Milk,52.5,Supermercados Día,"Av. Gral. Las Heras 2564, C1425ASP CABA"
Milk,52.5,Supermercados Día,"Supermercados Día, Av. Rivadavia 1177, C1033 AAB, Buenos Aires, Argentina"
Milk,69,Carrefour,"Supermercados Día, C1426AJS AJS, Amenábar 1145, C1426 Buenos Aires, Argentina"
Milk,122,Supermercados Día,"Carrefour Market, Av. Rivadavia 3221, C1179 CABA, Argentina"
Milk,65,Jumbo,"Supermercados Día, Junín 638, C1026 ABN, Buenos Aires, Argentina"
Milk,66,Carrefour,"Jumba, Av. Cerviño 4860, C1425 AIO, Buenos Aires, Argentina"
Milk,40.25,Carrefour,"Carrefour Market, Av. Rivadavia 2243, C1034 CABA, Argentina"
Milk,65,Carrefour,"Av. Santa Fe 3368, C1425 CABA"
Milk,51.9,Carrefour,"Carrefour Market, Raúl Scalabrini Ortíz 1840, C1414 CABA, Argentina"
Milk,40.25,Supermercados Día,"Carrefour Market, Av. Corrientes 1160, 1043 CABA, Argentina"
Milk,60,Jumbo,"Supermercados Día, Av. Corrientes 3534, C1194 AAO, Buenos Aires, Argentina"
Milk,65,Jumbo,"Jumbo, Av. Santa Fe 4950, C1425 BHY, Buenos Aires, Argentina"
Milk,45.99,Supermercados Día,"Jumbo, Guardia Vieja 4558, C1192 CABA, Argentina"
Milk,52.99,Supermercados Día,"Supermercados Día, Buenos Aires, Paraguay 788, C1057 AAJ, Argentina"
Milk,316,Carrefour,"Supermercados Día, Buenos Aires, Defensa 748, C1065 AAN, Argentina"
Milk,16.84,Carrefour,"235, New Taipei City, Zhonghe District, Section 2, Zhongshan Road, 295號B1"
Milk,322,Carrefour,"Carrefour, No. 1, Guilin Road, Wanhua District, Taipei City, Taiwan 108"
Milk,170,Carrefour,"Carrefour, 100, Taiwan, Taipei City, Zhongzheng District, Section 2, Jinan Road, 46號B1"
Milk,198,Carrefour,"Carrefour, No. 276號, Jinzhou Street, Zhongshan District, Taipei City, Taiwan 10477"
Milk,64.99,Supermercados Día,"Carrefour, No. 499-1, Zhonghe Road, Yonghe District, New Taipei City, Taiwan 234"
Milk,,,"Sarmiento 3978, C1425 FGQ, Argentina"
Milk,65,Jumbo,
Milk,66,Carrefour,"Arenales 870, C1061 CABA"
Milk,65,Carrefour,"Carrefour Market, Av. Santa Fe 1954, C1123 CABA, Argentina"
Milk,,Supermercados Día,"Carrefour Market, Vicente López 1676, C1018 ABB, Buenos Aires, Argentina"
Milk,45,Jumbo,"Supermercados Día, Fitz Roy 2292, C1425 FVD, Buenos Aires, Argentina"
Milk,44.29,Supermercados Día,"Av. Acoyte 702, C1405 BGS, Buenos Aires"
Milk,29,Supermercados Día,"Supermercados Día, Av. Rivadavia 3566, C1204 AAN, Buenos Aires, Argentina"
Milk,51.99,Carrefour,"Av. Gaona 1290, Buenos Aires"
Milk,68.99,Supermercados Día,"Carrefour Market, Av. Córdoba 1631, C1055 CABA, Argentina"
Milk,49,Supermercados Día,"Supermercados Día, Av. Rivadavia 674, C1002 AAR, Buenos Aires, Argentina"
Milk,49,Carrefour,"Supermercados Día, Buenos Aires, Raúl Scalabrini Ortíz 3170, C1425 DBZ, Argentina"
Milk,59,Carrefour,"Carrefour Market, Raúl Scalabrini Ortíz 3128, C1425 CABA, Argentina"
Milk,73,Jumbo,"Av. Córdoba 2529, C1120 CABA"
Milk,40.3,Supermercados Día,"Av. Gral. Las Heras 2564, C1425ASP CABA"
Milk,40.3,Supermercados Día,"Supermercados Día, Av. Rivadavia 1177, C1033 AAB, Buenos Aires, Argentina"
Milk,49.9,Carrefour,"Supermercados Día, C1426AJS AJS, Amenábar 1145, C1426 Buenos Aires, Argentina"
Milk,68.99,Supermercados Día,"Carrefour Market, Av. Rivadavia 3221, C1179 CABA, Argentina"
Milk,70,Jumbo,"Supermercados Día, Junín 638, C1026 ABN, Buenos Aires, Argentina"
Milk,,Carrefour,"Jumba, Av. Cerviño 4860, C1425 AIO, Buenos Aires, Argentina"
Milk,65,Carrefour,"Carrefour Market, Av. Rivadavia 2243, C1034 CABA, Argentina"
Milk,49,Carrefour,"Av. Santa Fe 3368, C1425 CABA"
Milk,218.5,Carrefour,"Carrefour Market, Raúl Scalabrini Ortíz 1840, C1414 CABA, Argentina"
Milk,68.99,Supermercados Día,"Carrefour Market, Av. Corrientes 1160, 1043 CABA, Argentina"
Milk,65,Jumbo,"Supermercados Día, Av. Corrientes 3534, C1194 AAO, Buenos Aires, Argentina"
Milk,69,Jumbo,"Jumbo, Av. Santa Fe 4950, C1425 BHY, Buenos Aires, Argentina"
Milk,31.99,Supermercados Día,"Jumbo, Guardia Vieja 4558, C1192 CABA, Argentina"
Milk,64.99,Supermercados Día,"Supermercados Día, Buenos Aires, Paraguay 788, C1057 AAJ, Argentina"
Milk,168,Carrefour,"Supermercados Día, Buenos Aires, Defensa 748, C1065 AAN, Argentina"
Milk,15.14,Carrefour,"235, New Taipei City, Zhonghe District, Section 2, Zhongshan Road, 295號B1"
Milk,458,Carrefour,"Carrefour, No. 1, Guilin Road, Wanhua District, Taipei City, Taiwan 108"
Milk,324,Carrefour,"Carrefour, 100, Taiwan, Taipei City, Zhongzheng District, Section 2, Jinan Road, 46號B1"
Milk,168,Carrefour,"Carrefour, No. 276號, Jinzhou Street, Zhongshan District, Taipei City, Taiwan 10477"
Milk,52.99,Supermercados Día,"Carrefour, No. 499-1, Zhonghe Road, Yonghe District, New Taipei City, Taiwan 234"
Milk,,,"Sarmiento 3978, C1425 FGQ, Argentina"
Milk,67,Jumbo,
Milk,56,Carrefour,"Arenales 870, C1061 CABA"
Milk,57,Carrefour,"Carrefour Market, Av. Santa Fe 1954, C1123 CABA, Argentina"
Milk,,Supermercados Día,"Carrefour Market, Vicente López 1676, C1018 ABB, Buenos Aires, Argentina"
Milk,70,Jumbo,"Supermercados Día, Fitz Roy 2292, C1425 FVD, Buenos Aires, Argentina"
Milk,44.99,Supermercados Día,"Av. Acoyte 702, C1405 BGS, Buenos Aires"
Milk,67,Supermercados Día,"Supermercados Día, Av. Rivadavia 3566, C1204 AAN, Buenos Aires, Argentina"
Milk,53.2,Carrefour,"Av. Gaona 1290, Buenos Aires"
Milk,53.1,Supermercados Día,"Carrefour Market, Av. Córdoba 1631, C1055 CABA, Argentina"
Milk,56,Supermercados Día,"Supermercados Día, Av. Rivadavia 674, C1002 AAR, Buenos Aires, Argentina"
Milk,56,Carrefour,"Supermercados Día, Buenos Aires, Raúl Scalabrini Ortíz 3170, C1425 DBZ, Argentina"
Milk,67,Carrefour,"Carrefour Market, Raúl Scalabrini Ortíz 3128, C1425 CABA, Argentina"
Milk,60,Jumbo,"Av. Córdoba 2529, C1120 CABA"
Milk,44.3,Supermercados Día,"Av. Gral. Las Heras 2564, C1425ASP CABA"
Milk,44.3,Supermercados Día,"Supermercados Día, Av. Rivadavia 1177, C1033 AAB, Buenos Aires, Argentina"
Milk,45,Carrefour,"Supermercados Día, C1426AJS AJS, Amenábar 1145, C1426 Buenos Aires, Argentina"
Milk,52.4,Supermercados Día,"Carrefour Market, Av. Rivadavia 3221, C1179 CABA, Argentina"
Milk,,Jumbo,"Supermercados Día, Junín 638, C1026 ABN, Buenos Aires, Argentina"
Milk,,Carrefour,"Jumba, Av. Cerviño 4860, C1425 AIO, Buenos Aires, Argentina"
Milk,71,Carrefour,"Carrefour Market, Av. Rivadavia 2243, C1034 CABA, Argentina"
Milk,,Carrefour,"Av. Santa Fe 3368, C1425 CABA"
Butter,545,Carrefour,"Carrefour Market, Raúl Scalabrini Ortíz 1840, C1414 CABA, Argentina"
Butter,489.98,Supermercados Día,"Carrefour Market, Av. Corrientes 1160, 1043 CABA, Argentina"
Butter,125,Jumbo,"Supermercados Día, Av. Corrientes 3534, C1194 AAO, Buenos Aires, Argentina"
Butter,69,Jumbo,"Jumbo, Av. Santa Fe 4950, C1425 BHY, Buenos Aires, Argentina"
Butter,93.99,Supermercados Día,"Jumbo, Guardia Vieja 4558, C1192 CABA, Argentina"
Butter,504.95,Supermercados Día,"Supermercados Día, Buenos Aires, Paraguay 788, C1057 AAJ, Argentina"
Butter,210,Carrefour,"Supermercados Día, Buenos Aires, Defensa 748, C1065 AAN, Argentina"
Butter,105,Carrefour,"235, New Taipei City, Zhonghe District, Section 2, Zhongshan Road, 295號B1"
Butter,370,Carrefour,"Carrefour, No. 1, Guilin Road, Wanhua District, Taipei City, Taiwan 108"
Butter,310,Carrefour,"Carrefour, 100, Taiwan, Taipei City, Zhongzheng District, Section 2, Jinan Road, 46號B1"
Butter,220,Carrefour,"Carrefour, No. 276號, Jinzhou Street, Zhongshan District, Taipei City, Taiwan 10477"
Butter,599.95,Supermercados Día,"Carrefour, No. 499-1, Zhonghe Road, Yonghe District, New Taipei City, Taiwan 234"
Butter,,,"Sarmiento 3978, C1425 FGQ, Argentina"
Butter,750,Jumbo,
Butter,105,Carrefour,"Arenales 870, C1061 CABA"
Butter,71,Carrefour,"Carrefour Market, Av. Santa Fe 1954, C1123 CABA, Argentina"
Butter,,Supermercados Día,"Carrefour Market, Vicente López 1676, C1018 ABB, Buenos Aires, Argentina"
Butter,125.9,Jumbo,"Supermercados Día, Fitz Roy 2292, C1425 FVD, Buenos Aires, Argentina"
Butter,53.29,Supermercados Día,"Av. Acoyte 702, C1405 BGS, Buenos Aires"
Butter,139,Supermercados Día,"Supermercados Día, Av. Rivadavia 3566, C1204 AAN, Buenos Aires, Argentina"
Butter,505,Carrefour,"Av. Gaona 1290, Buenos Aires"
Butter,589.94,Supermercados Día,"Carrefour Market, Av. Córdoba 1631, C1055 CABA, Argentina"
Butter,495,Supermercados Día,"Supermercados Día, Av. Rivadavia 674, C1002 AAR, Buenos Aires, Argentina"
Butter,107,Carrefour,"Supermercados Día, Buenos Aires, Raúl Scalabrini Ortíz 3170, C1425 DBZ, Argentina"
Butter,620,Carrefour,"Carrefour Market, Raúl Scalabrini Ortíz 3128, C1425 CABA, Argentina"
Butter,545,Jumbo,"Av. Córdoba 2529, C1120 CABA"
Butter,750,Supermercados Día,"Av. Gral. Las Heras 2564, C1425ASP CABA"
Butter,740,Supermercados Día,"Supermercados Día, Av. Rivadavia 1177, C1033 AAB, Buenos Aires, Argentina"
Butter,101,Carrefour,"Supermercados Día, C1426AJS AJS, Amenábar 1145, C1426 Buenos Aires, Argentina"
Butter,495,Supermercados Día,"Carrefour Market, Av. Rivadavia 3221, C1179 CABA, Argentina"
Butter,650,Jumbo,"Supermercados Día, Junín 638, C1026 ABN, Buenos Aires, Argentina"
Butter,,Carrefour,"Jumba, Av. Cerviño 4860, C1425 AIO, Buenos Aires, Argentina"
Butter,121,Carrefour,"Carrefour Market, Av. Rivadavia 2243, C1034 CABA, Argentina"
Butter,76,Carrefour,"Av. Santa Fe 3368, C1425 CABA"
Butter,525,Carrefour,"Carrefour Market, Raúl Scalabrini Ortíz 1840, C1414 CABA, Argentina"
Butter,497.45,Supermercados Día,"Carrefour Market, Av. Corrientes 1160, 1043 CABA, Argentina"
Butter,130,Jumbo,"Supermercados Día, Av. Corrientes 3534, C1194 AAO, Buenos Aires, Argentina"
Butter,124.7,Jumbo,"Jumbo, Av. Santa Fe 4950, C1425 BHY, Buenos Aires, Argentina"
Butter,74.99,Supermercados Día,"Jumbo, Guardia Vieja 4558, C1192 CABA, Argentina"
Butter,526.9,Supermercados Día,"Supermercados Día, Buenos Aires, Paraguay 788, C1057 AAJ, Argentina"
Butter,304,Carrefour,"Supermercados Día, Buenos Aires, Defensa 748, C1065 AAN, Argentina"
Butter,82,Carrefour,"235, New Taipei City, Zhonghe District, Section 2, Zhongshan Road, 295號B1"
Butter,100,Carrefour,"Carrefour, No. 1, Guilin Road, Wanhua District, Taipei City, Taiwan 108"
Butter,370,Carrefour,"Carrefour, 100, Taiwan, Taipei City, Zhongzheng District, Section 2, Jinan Road, 46號B1"
Butter,310,Carrefour,"Carrefour, No. 276號, Jinzhou Street, Zhongshan District, Taipei City, Taiwan 10477"
Butter,532.9,Supermercados Día,"Carrefour, No. 499-1, Zhonghe Road, Yonghe District, New Taipei City, Taiwan 234"
Butter,,,"Sarmiento 3978, C1425 FGQ, Argentina"
Butter,525,Jumbo,
Butter,109,Carrefour,"Arenales 870, C1061 CABA"
Butter,56,Carrefour,"Carrefour Market, Av. Santa Fe 1954, C1123 CABA, Argentina"
Butter,,Supermercados Día,"Carrefour Market, Vicente López 1676, C1018 ABB, Buenos Aires, Argentina"
Butter,90,Jumbo,"Supermercados Día, Fitz Roy 2292, C1425 FVD, Buenos Aires, Argentina"
Butter,99.69,Supermercados Día,"Av. Acoyte 702, C1405 BGS, Buenos Aires"
Butter,175,Supermercados Día,"Supermercados Día, Av. Rivadavia 3566, C1204 AAN, Buenos Aires, Argentina"
Butter,605.34,Carrefour,"Av. Gaona 1290, Buenos Aires"
Butter,532.9,Supermercados Día,"Carrefour Market, Av. Córdoba 1631, C1055 CABA, Argentina"
Butter,750,Supermercados Día,"Supermercados Día, Av. Rivadavia 674, C1002 AAR, Buenos Aires, Argentina"
Butter,94,Carrefour,"Supermercados Día, Buenos Aires, Raúl Scalabrini Ortíz 3170, C1425 DBZ, Argentina"
Butter,470,Carrefour,"Carrefour Market, Raúl Scalabrini Ortíz 3128, C1425 CABA, Argentina"
Butter,623,Jumbo,"Av. Córdoba 2529, C1120 CABA"
Butter,623.45,Supermercados Día,"Av. Gral. Las Heras 2564, C1425ASP CABA"
Butter,620,Supermercados Día,"Supermercados Día, Av. Rivadavia 1177, C1033 AAB, Buenos Aires, Argentina"
Butter,94,Carrefour,"Supermercados Día, C1426AJS AJS, Amenábar 1145, C1426 Buenos Aires, Argentina"
Butter,85,Supermercados Día,"Carrefour Market, Av. Rivadavia 3221, C1179 CABA, Argentina"
Butter,570,Jumbo,"Supermercados Día, Junín 638, C1026 ABN, Buenos Aires, Argentina"
Butter,,Carrefour,"Jumba, Av. Cerviño 4860, C1425 AIO, Buenos Aires, Argentina"
Butter,167,Carrefour,"Carrefour Market, Av. Rivadavia 2243, C1034 CABA, Argentina"
Butter,94,Carrefour,"Av. Santa Fe 3368, C1425 CABA"
Butter,680,Carrefour,"Carrefour Market, Raúl Scalabrini Ortíz 1840, C1414 CABA, Argentina"
Butter,532.9,Supermercados Día,"Carrefour Market, Av. Corrientes 1160, 1043 CABA, Argentina"
Butter,94,Jumbo,"Supermercados Día, Av. Corrientes 3534, C1194 AAO, Buenos Aires, Argentina"
Butter,130,Jumbo,"Jumbo, Av. Santa Fe 4950, C1425 BHY, Buenos Aires, Argentina"
Butter,69,Supermercados Día,"Jumbo, Guardia Vieja 4558, C1192 CABA, Argentina"
Butter,498.45,Supermercados Día,"Supermercados Día, Buenos Aires, Paraguay 788, C1057 AAJ, Argentina"
Butter,372,Carrefour,"Supermercados Día, Buenos Aires, Defensa 748, C1065 AAN, Argentina"
Butter,100,Carrefour,"235, New Taipei City, Zhonghe District, Section 2, Zhongshan Road, 295號B1"
Butter,136,Carrefour,"Carrefour, No. 1, Guilin Road, Wanhua District, Taipei City, Taiwan 108"
Butter,,Carrefour,"Carrefour, 100, Taiwan, Taipei City, Zhongzheng District, Section 2, Jinan Road, 46號B1"
Butter,370,Carrefour,"Carrefour, No. 276號, Jinzhou Street, Zhongshan District, Taipei City, Taiwan 10477"
Butter,690,Supermercados Día,"Carrefour, No. 499-1, Zhonghe Road, Yonghe District, New Taipei City, Taiwan 234"
Butter,,,"Sarmiento 3978, C1425 FGQ, Argentina"
Butter,650,Jumbo,
Butter,101,Carrefour,"Arenales 870, C1061 CABA"
Butter,69,Carrefour,"Carrefour Market, Av. Santa Fe 1954, C1123 CABA, Argentina"
Butter,,Supermercados Día,"Carrefour Market, Vicente López 1676, C1018 ABB, Buenos Aires, Argentina"
Butter,172,Jumbo,"Supermercados Día, Fitz Roy 2292, C1425 FVD, Buenos Aires, Argentina"
Butter,74.99,Supermercados Día,"Av. Acoyte 702, C1405 BGS, Buenos Aires"
Butter,153,Supermercados Día,"Supermercados Día, Av. Rivadavia 3566, C1204 AAN, Buenos Aires, Argentina"
Butter,634.4,Carrefour,"Av. Gaona 1290, Buenos Aires"
Butter,548.41,Supermercados Día,"Carrefour Market, Av. Córdoba 1631, C1055 CABA, Argentina"
Butter,535,Supermercados Día,"Supermercados Día, Av. Rivadavia 674, C1002 AAR, Buenos Aires, Argentina"
Butter,495,Carrefour,"Supermercados Día, Buenos Aires, Raúl Scalabrini Ortíz 3170, C1425 DBZ, Argentina"
Butter,835,Carrefour,"Carrefour Market, Raúl Scalabrini Ortíz 3128, C1425 CABA, Argentina"
Butter,650,Jumbo,"Av. Córdoba 2529, C1120 CABA"
Butter,,Supermercados Día,"Av. Gral. Las Heras 2564, C1425ASP CABA"
Butter,640.6,Supermercados Día,"Supermercados Día, Av. Rivadavia 1177, C1033 AAB, Buenos Aires, Argentina"
Butter,167,Carrefour,"Supermercados Día, C1426AJS AJS, Amenábar 1145, C1426 Buenos Aires, Argentina"
Butter,220,Supermercados Día,"Carrefour Market, Av. Rivadavia 3221, C1179 CABA, Argentina"
Butter,,Jumbo,"Supermercados Día, Junín 638, C1026 ABN, Buenos Aires, Argentina"
Butter,,Carrefour,"Jumba, Av. Cerviño 4860, C1425 AIO, Buenos Aires, Argentina"
Butter,124,Carrefour,"Carrefour Market, Av. Rivadavia 2243, C1034 CABA, Argentina"
Butter,105,Carrefour,"Av. Santa Fe 3368, C1425 CABA"
Eggs,9.83,Carrefour,"Carrefour Market, Raúl Scalabrini Ortíz 1840, C1414 CABA, Argentina"
Eggs,9.83,Supermercados Día,"Carrefour Market, Av. Corrientes 1160, 1043 CABA, Argentina"
Eggs,92.9,Jumbo,"Supermercados Día, Av. Corrientes 3534, C1194 AAO, Buenos Aires, Argentina"
Eggs,185,Jumbo,"Jumbo, Av. Santa Fe 4950, C1425 BHY, Buenos Aires, Argentina"
Eggs,67.99,Supermercados Día,"Jumbo, Guardia Vieja 4558, C1192 CABA, Argentina"
Eggs,109.99,Supermercados Día,"Supermercados Día, Buenos Aires, Paraguay 788, C1057 AAJ, Argentina"
Eggs,144,Carrefour,"Supermercados Día, Buenos Aires, Defensa 748, C1065 AAN, Argentina"
Eggs,150,Carrefour,"235, New Taipei City, Zhonghe District, Section 2, Zhongshan Road, 295號B1"
Eggs,150,Carrefour,"Carrefour, No. 1, Guilin Road, Wanhua District, Taipei City, Taiwan 108"
Eggs,270,Carrefour,"Carrefour, 100, Taiwan, Taipei City, Zhongzheng District, Section 2, Jinan Road, 46號B1"
Eggs,270,Carrefour,"Carrefour, No. 276號, Jinzhou Street, Zhongshan District, Taipei City, Taiwan 10477"
Eggs,9.83,Supermercados Día,"Carrefour, No. 499-1, Zhonghe Road, Yonghe District, New Taipei City, Taiwan 234"
Eggs,,,"Sarmiento 3978, C1425 FGQ, Argentina"
Eggs,9.83,Jumbo,
Eggs,75,Carrefour,"Arenales 870, C1061 CABA"
Eggs,101,Carrefour,"Carrefour Market, Av. Santa Fe 1954, C1123 CABA, Argentina"
Eggs,67,Supermercados Día,"Carrefour Market, Vicente López 1676, C1018 ABB, Buenos Aires, Argentina"
Eggs,9.83,Jumbo,"Supermercados Día, Fitz Roy 2292, C1425 FVD, Buenos Aires, Argentina"
Eggs,73.99,Supermercados Día,"Av. Acoyte 702, C1405 BGS, Buenos Aires"
Eggs,14.92,Supermercados Día,"Supermercados Día, Av. Rivadavia 3566, C1204 AAN, Buenos Aires, Argentina"
Eggs,9.83,Carrefour,"Av. Gaona 1290, Buenos Aires"
Eggs,12.69,Supermercados Día,"Carrefour Market, Av. Córdoba 1631, C1055 CABA, Argentina"
Eggs,79,Supermercados Día,"Supermercados Día, Av. Rivadavia 674, C1002 AAR, Buenos Aires, Argentina"
Eggs,54,Carrefour,"Supermercados Día, Buenos Aires, Raúl Scalabrini Ortíz 3170, C1425 DBZ, Argentina"
Eggs,9.83,Carrefour,"Carrefour Market, Raúl Scalabrini Ortíz 3128, C1425 CABA, Argentina"
Eggs,12.91,Jumbo,"Av. Córdoba 2529, C1120 CABA"
Eggs,55,Supermercados Día,"Av. Gral. Las Heras 2564, C1425ASP CABA"
Eggs,110,Supermercados Día,"Supermercados Día, Av. Rivadavia 1177, C1033 AAB, Buenos Aires, Argentina"
Eggs,101,Carrefour,"Supermercados Día, C1426AJS AJS, Amenábar 1145, C1426 Buenos Aires, Argentina"
Eggs,109.99,Supermercados Día,"Carrefour Market, Av. Rivadavia 3221, C1179 CABA, Argentina"
Eggs,199,Jumbo,"Supermercados Día, Junín 638, C1026 ABN, Buenos Aires, Argentina"
Eggs,145,Carrefour,"Jumba, Av. Cerviño 4860, C1425 AIO, Buenos Aires, Argentina"
Eggs,60,Carrefour,"Carrefour Market, Av. Rivadavia 2243, C1034 CABA, Argentina"
Eggs,67,Carrefour,"Av. Santa Fe 3368, C1425 CABA"
Eggs,9.17,Carrefour,"Carrefour Market, Raúl Scalabrini Ortíz 1840, C1414 CABA, Argentina"
Eggs,9.17,Supermercados Día,"Carrefour Market, Av. Corrientes 1160, 1043 CABA, Argentina"
Eggs,59,Jumbo,"Supermercados Día, Av. Corrientes 3534, C1194 AAO, Buenos Aires, Argentina"
Eggs,145,Jumbo,"Jumbo, Av. Santa Fe 4950, C1425 BHY, Buenos Aires, Argentina"
Eggs,59,Supermercados Día,"Jumbo, Guardia Vieja 4558, C1192 CABA, Argentina"
Eggs,73.99,Supermercados Día,"Supermercados Día, Buenos Aires, Paraguay 788, C1057 AAJ, Argentina"
Eggs,170,Carrefour,"Supermercados Día, Buenos Aires, Defensa 748, C1065 AAN, Argentina"
Eggs,216,Carrefour,"235, New Taipei City, Zhonghe District, Section 2, Zhongshan Road, 295號B1"
Eggs,124,Carrefour,"Carrefour, No. 1, Guilin Road, Wanhua District, Taipei City, Taiwan 108"
Eggs,238,Carrefour,"Carrefour, 100, Taiwan, Taipei City, Zhongzheng District, Section 2, Jinan Road, 46號B1"
Eggs,216,Carrefour,"Carrefour, No. 276號, Jinzhou Street, Zhongshan District, Taipei City, Taiwan 10477"
Eggs,9.17,Supermercados Día,"Carrefour, No. 499-1, Zhonghe Road, Yonghe District, New Taipei City, Taiwan 234"
Eggs,,,"Sarmiento 3978, C1425 FGQ, Argentina"
Eggs,13.17,Jumbo,
Eggs,123,Carrefour,"Arenales 870, C1061 CABA"
Eggs,139,Carrefour,"Carrefour Market, Av. Santa Fe 1954, C1123 CABA, Argentina"
Eggs,110,Supermercados Día,"Carrefour Market, Vicente López 1676, C1018 ABB, Buenos Aires, Argentina"
Eggs,14.97,Jumbo,"Supermercados Día, Fitz Roy 2292, C1425 FVD, Buenos Aires, Argentina"
Eggs,67.99,Supermercados Día,"Av. Acoyte 702, C1405 BGS, Buenos Aires"
Eggs,13.15,Supermercados Día,"Supermercados Día, Av. Rivadavia 3566, C1204 AAN, Buenos Aires, Argentina"
Eggs,10.55,Carrefour,"Av. Gaona 1290, Buenos Aires"
Eggs,9.83,Supermercados Día,"Carrefour Market, Av. Córdoba 1631, C1055 CABA, Argentina"
Eggs,90,Supermercados Día,"Supermercados Día, Av. Rivadavia 674, C1002 AAR, Buenos Aires, Argentina"
Eggs,65,Carrefour,"Supermercados Día, Buenos Aires, Raúl Scalabrini Ortíz 3170, C1425 DBZ, Argentina"
Eggs,11,Carrefour,"Carrefour Market, Raúl Scalabrini Ortíz 3128, C1425 CABA, Argentina"
Eggs,14.83,Jumbo,"Av. Córdoba 2529, C1120 CABA"
Eggs,74,Supermercados Día,"Av. Gral. Las Heras 2564, C1425ASP CABA"
Eggs,55,Supermercados Día,"Supermercados Día, Av. Rivadavia 1177, C1033 AAB, Buenos Aires, Argentina"
Eggs,123,Carrefour,"Supermercados Día, C1426AJS AJS, Amenábar 1145, C1426 Buenos Aires, Argentina"
Eggs,67.99,Supermercados Día,"Carrefour Market, Av. Rivadavia 3221, C1179 CABA, Argentina"
Eggs,329,Jumbo,"Supermercados Día, Junín 638, C1026 ABN, Buenos Aires, Argentina"
Eggs,155,Carrefour,"Jumba, Av. Cerviño 4860, C1425 AIO, Buenos Aires, Argentina"
Eggs,104,Carrefour,"Carrefour Market, Av. Rivadavia 2243, C1034 CABA, Argentina"
Eggs,104,Carrefour,"Av. Santa Fe 3368, C1425 CABA"
Eggs,10.25,Carrefour,"Carrefour Market, Raúl Scalabrini Ortíz 1840, C1414 CABA, Argentina"
Eggs,11.33,Supermercados Día,"Carrefour Market, Av. Corrientes 1160, 1043 CABA, Argentina"
Eggs,82.9,Jumbo,"Supermercados Día, Av. Corrientes 3534, C1194 AAO, Buenos Aires, Argentina"
Eggs,99,Jumbo,"Jumbo, Av. Santa Fe 4950, C1425 BHY, Buenos Aires, Argentina"
Eggs,,Supermercados Día,"Jumbo, Guardia Vieja 4558, C1192 CABA, Argentina"
Eggs,,Supermercados Día,"Supermercados Día, Buenos Aires, Paraguay 788, C1057 AAJ, Argentina"
Eggs,170,Carrefour,"Supermercados Día, Buenos Aires, Defensa 748, C1065 AAN, Argentina"
Eggs,280,Carrefour,"235, New Taipei City, Zhonghe District, Section 2, Zhongshan Road, 295號B1"
Eggs,104,Carrefour,"Carrefour, No. 1, Guilin Road, Wanhua District, Taipei City, Taiwan 108"
Eggs,170,Carrefour,"Carrefour, 100, Taiwan, Taipei City, Zhongzheng District, Section 2, Jinan Road, 46號B1"
Eggs,270,Carrefour,"Carrefour, No. 276號, Jinzhou Street, Zhongshan District, Taipei City, Taiwan 10477"
Eggs,12.33,Supermercados Día,"Carrefour, No. 499-1, Zhonghe Road, Yonghe District, New Taipei City, Taiwan 234"
Eggs,,,"Sarmiento 3978, C1425 FGQ, Argentina"
Eggs,14.02,Jumbo,
Eggs,101,Carrefour,"Arenales 870, C1061 CABA"
Eggs,,Carrefour,"Carrefour Market, Av. Santa Fe 1954, C1123 CABA, Argentina"
Eggs,,Supermercados Día,"Carrefour Market, Vicente López 1676, C1018 ABB, Buenos Aires, Argentina"
Eggs,12.3,Jumbo,"Supermercados Día, Fitz Roy 2292, C1425 FVD, Buenos Aires, Argentina"
Eggs,59,Supermercados Día,"Av. Acoyte 702, C1405 BGS, Buenos Aires"
Eggs,18.22,Supermercados Día,"Supermercados Día, Av. Rivadavia 3566, C1204 AAN, Buenos Aires, Argentina"
Eggs,,Carrefour,"Av. Gaona 1290, Buenos Aires"
Eggs,,Supermercados Día,"Carrefour Market, Av. Córdoba 1631, C1055 CABA, Argentina"
Eggs,169,Supermercados Día,"Supermercados Día, Av. Rivadavia 674, C1002 AAR, Buenos Aires, Argentina"
Eggs,,Carrefour,"Supermercados Día, Buenos Aires, Raúl Scalabrini Ortíz 3170, C1425 DBZ, Argentina"
Eggs,7.86,Carrefour,"Carrefour Market, Raúl Scalabrini Ortíz 3128, C1425 CABA, Argentina"
Eggs,14.91,Jumbo,"Av. Córdoba 2529, C1120 CABA"
Eggs,60,Supermercados Día,"Av. Gral. Las Heras 2564, C1425ASP CABA"
Eggs,,Supermercados Día,"Supermercados Día, Av. Rivadavia 1177, C1033 AAB, Buenos Aires, Argentina"
Eggs,304,Carrefour,"Supermercados Día, C1426AJS AJS, Amenábar 1145, C1426 Buenos Aires, Argentina"
Eggs,73.99,Supermercados Día,"Carrefour Market, Av. Rivadavia 3221, C1179 CABA, Argentina"
Eggs,179,Jumbo,"Supermercados Día, Junín 638, C1026 ABN, Buenos Aires, Argentina"
Eggs,,Carrefour,"Jumba, Av. Cerviño 4860, C1425 AIO, Buenos Aires, Argentina"
Eggs,80,Carrefour,"Carrefour Market, Av. Rivadavia 2243, C1034 CABA, Argentina"
Eggs,15,Carrefour,"Av. Santa Fe 3368, C1425 CABA"
Chicken breasts,239.9,Carrefour,"Carrefour Market, Raúl Scalabrini Ortíz 1840, C1414 CABA, Argentina"
Chicken breasts,312.9,Supermercados Día,"Carrefour Market, Av. Corrientes 1160, 1043 CABA, Argentina"
Chicken breasts,293.9,Jumbo,"Supermercados Día, Av. Corrientes 3534, C1194 AAO, Buenos Aires, Argentina"
Chicken breasts,372,Jumbo,"Jumbo, Av. Santa Fe 4950, C1425 BHY, Buenos Aires, Argentina"
Chicken breasts,,Supermercados Día,"Jumbo, Guardia Vieja 4558, C1192 CABA, Argentina"
Chicken breasts,188.9,Supermercados Día,"Supermercados Día, Buenos Aires, Paraguay 788, C1057 AAJ, Argentina"
Chicken breasts,138,Carrefour,"Supermercados Día, Buenos Aires, Defensa 748, C1065 AAN, Argentina"
Chicken breasts,398,Carrefour,"235, New Taipei City, Zhonghe District, Section 2, Zhongshan Road, 295號B1"
Chicken breasts,138,Carrefour,"Carrefour, No. 1, Guilin Road, Wanhua District, Taipei City, Taiwan 108"
Chicken breasts,130,Carrefour,"Carrefour, 100, Taiwan, Taipei City, Zhongzheng District, Section 2, Jinan Road, 46號B1"
Chicken breasts,130,Carrefour,"Carrefour, No. 276號, Jinzhou Street, Zhongshan District, Taipei City, Taiwan 10477"
Chicken breasts,312.9,Supermercados Día,"Carrefour, No. 499-1, Zhonghe Road, Yonghe District, New Taipei City, Taiwan 234"
Chicken breasts,,,"Sarmiento 3978, C1425 FGQ, Argentina"
Chicken breasts,372,Jumbo,
Chicken breasts,259.9,Carrefour,"Arenales 870, C1061 CABA"
Chicken breasts,296,Carrefour,"Carrefour Market, Av. Santa Fe 1954, C1123 CABA, Argentina"
Chicken breasts,,Supermercados Día,"Carrefour Market, Vicente López 1676, C1018 ABB, Buenos Aires, Argentina"
Chicken breasts,372,Jumbo,"Supermercados Día, Fitz Roy 2292, C1425 FVD, Buenos Aires, Argentina"
Chicken breasts,312.9,Supermercados Día,"Av. Acoyte 702, C1405 BGS, Buenos Aires"
Chicken breasts,372,Supermercados Día,"Supermercados Día, Av. Rivadavia 3566, C1204 AAN, Buenos Aires, Argentina"
Chicken breasts,260.4,Carrefour,"Av. Gaona 1290, Buenos Aires"
Chicken breasts,339.99,Supermercados Día,"Carrefour Market, Av. Córdoba 1631, C1055 CABA, Argentina"
Chicken breasts,244.78,Supermercados Día,"Supermercados Día, Av. Rivadavia 674, C1002 AAR, Buenos Aires, Argentina"
Chicken breasts,372,Carrefour,"Supermercados Día, Buenos Aires, Raúl Scalabrini Ortíz 3170, C1425 DBZ, Argentina"
Chicken breasts,259,Carrefour,"Carrefour Market, Raúl Scalabrini Ortíz 3128, C1425 CABA, Argentina"
Chicken breasts,372,Jumbo,"Av. Córdoba 2529, C1120 CABA"
Chicken breasts,312.9,Supermercados Día,"Av. Gral. Las Heras 2564, C1425ASP CABA"
Chicken breasts,310,Supermercados Día,"Supermercados Día, Av. Rivadavia 1177, C1033 AAB, Buenos Aires, Argentina"
Chicken breasts,229,Carrefour,"Supermercados Día, C1426AJS AJS, Amenábar 1145, C1426 Buenos Aires, Argentina"
Chicken breasts,237.23,Supermercados Día,"Carrefour Market, Av. Rivadavia 3221, C1179 CABA, Argentina"
Chicken breasts,216,Jumbo,"Supermercados Día, Junín 638, C1026 ABN, Buenos Aires, Argentina"
Chicken breasts,116,Carrefour,"Jumba, Av. Cerviño 4860, C1425 AIO, Buenos Aires, Argentina"
Chicken breasts,124.9,Carrefour,"Carrefour Market, Av. Rivadavia 2243, C1034 CABA, Argentina"
Chicken breasts,92.18,Carrefour,"Av. Santa Fe 3368, C1425 CABA"
Chicken breasts,304.9,Carrefour,"Carrefour Market, Raúl Scalabrini Ortíz 1840, C1414 CABA, Argentina"
Chicken breasts,,Supermercados Día,"Carrefour Market, Av. Corrientes 1160, 1043 CABA, Argentina"
Chicken breasts,348.9,Jumbo,"Supermercados Día, Av. Corrientes 3534, C1194 AAO, Buenos Aires, Argentina"
Chicken breasts,,Jumbo,"Jumbo, Av. Santa Fe 4950, C1425 BHY, Buenos Aires, Argentina"
Chicken breasts,,Supermercados Día,"Jumbo, Guardia Vieja 4558, C1192 CABA, Argentina"
Chicken breasts,,Supermercados Día,"Supermercados Día, Buenos Aires, Paraguay 788, C1057 AAJ, Argentina"
Chicken breasts,240,Carrefour,"Supermercados Día, Buenos Aires, Defensa 748, C1065 AAN, Argentina"
Chicken breasts,380,Carrefour,"235, New Taipei City, Zhonghe District, Section 2, Zhongshan Road, 295號B1"
Chicken breasts,150,Carrefour,"Carrefour, No. 1, Guilin Road, Wanhua District, Taipei City, Taiwan 108"
Chicken breasts,138,Carrefour,"Carrefour, 100, Taiwan, Taipei City, Zhongzheng District, Section 2, Jinan Road, 46號B1"
Chicken breasts,138,Carrefour,"Carrefour, No. 276號, Jinzhou Street, Zhongshan District, Taipei City, Taiwan 10477"
Chicken breasts,,Supermercados Día,"Carrefour, No. 499-1, Zhonghe Road, Yonghe District, New Taipei City, Taiwan 234"
Chicken breasts,,,"Sarmiento 3978, C1425 FGQ, Argentina"
Chicken breasts,,Jumbo,
Chicken breasts,304.9,Carrefour,"Arenales 870, C1061 CABA"
Chicken breasts,204,Carrefour,"Carrefour Market, Av. Santa Fe 1954, C1123 CABA, Argentina"
Chicken breasts,,Supermercados Día,"Carrefour Market, Vicente López 1676, C1018 ABB, Buenos Aires, Argentina"
Chicken breasts,401,Jumbo,"Supermercados Día, Fitz Roy 2292, C1425 FVD, Buenos Aires, Argentina"
Chicken breasts,,Supermercados Día,"Av. Acoyte 702, C1405 BGS, Buenos Aires"
Chicken breasts,369,Supermercados Día,"Supermercados Día, Av. Rivadavia 3566, C1204 AAN, Buenos Aires, Argentina"
Chicken breasts,277.9,Carrefour,"Av. Gaona 1290, Buenos Aires"
Chicken breasts,,Supermercados Día,"Carrefour Market, Av. Córdoba 1631, C1055 CABA, Argentina"
Chicken breasts,122.69,Supermercados Día,"Supermercados Día, Av. Rivadavia 674, C1002 AAR, Buenos Aires, Argentina"
Chicken breasts,,Carrefour,"Supermercados Día, Buenos Aires, Raúl Scalabrini Ortíz 3170, C1425 DBZ, Argentina"
Chicken breasts,,Carrefour,"Carrefour Market, Raúl Scalabrini Ortíz 3128, C1425 CABA, Argentina"
Chicken breasts,,Jumbo,"Av. Córdoba 2529, C1120 CABA"
Chicken breasts,,Supermercados Día,"Av. Gral. Las Heras 2564, C1425ASP CABA"
Chicken breasts,280.5,Supermercados Día,"Supermercados Día, Av. Rivadavia 1177, C1033 AAB, Buenos Aires, Argentina"
Chicken breasts,189,Carrefour,"Supermercados Día, C1426AJS AJS, Amenábar 1145, C1426 Buenos Aires, Argentina"
Chicken breasts,133.29,Supermercados Día,"Carrefour Market, Av. Rivadavia 3221, C1179 CABA, Argentina"
Chicken breasts,,Jumbo,"Supermercados Día, Junín 638, C1026 ABN, Buenos Aires, Argentina"
Chicken breasts,,Carrefour,"Jumba, Av. Cerviño 4860, C1425 AIO, Buenos Aires, Argentina"
Chicken breasts,198.9,Carrefour,"Carrefour Market, Av. Rivadavia 2243, C1034 CABA, Argentina"
Chicken breasts,176.21,Carrefour,"Av. Santa Fe 3368, C1425 CABA"
Chicken breasts,,Carrefour,"Carrefour Market, Raúl Scalabrini Ortíz 1840, C1414 CABA, Argentina"
Chicken breasts,,Supermercados Día,"Carrefour Market, Av. Corrientes 1160, 1043 CABA, Argentina"
Chicken breasts,,Jumbo,"Supermercados Día, Av. Corrientes 3534, C1194 AAO, Buenos Aires, Argentina"
Chicken breasts,,Jumbo,"Jumbo, Av. Santa Fe 4950, C1425 BHY, Buenos Aires, Argentina"
Chicken breasts,,Supermercados Día,"Jumbo, Guardia Vieja 4558, C1192 CABA, Argentina"
Chicken breasts,,Supermercados Día,"Supermercados Día, Buenos Aires, Paraguay 788, C1057 AAJ, Argentina"
Chicken breasts,380,Carrefour,"Supermercados Día, Buenos Aires, Defensa 748, C1065 AAN, Argentina"
Chicken breasts,540,Carrefour,"235, New Taipei City, Zhonghe District, Section 2, Zhongshan Road, 295號B1"
Chicken breasts,176,Carrefour,"Carrefour, No. 1, Guilin Road, Wanhua District, Taipei City, Taiwan 108"
Chicken breasts,138,Carrefour,"Carrefour, 100, Taiwan, Taipei City, Zhongzheng District, Section 2, Jinan Road, 46號B1"
Chicken breasts,176,Carrefour,"Carrefour, No. 276號, Jinzhou Street, Zhongshan District, Taipei City, Taiwan 10477"
Chicken breasts,,Supermercados Día,"Carrefour, No. 499-1, Zhonghe Road, Yonghe District, New Taipei City, Taiwan 234"
Chicken breasts,,,"Sarmiento 3978, C1425 FGQ, Argentina"
Chicken breasts,,Jumbo,
Chicken breasts,,Carrefour,"Arenales 870, C1061 CABA"
Chicken breasts,240,Carrefour,"Carrefour Market, Av. Santa Fe 1954, C1123 CABA, Argentina"
Chicken breasts,,Supermercados Día,"Carrefour Market, Vicente López 1676, C1018 ABB, Buenos Aires, Argentina"
Chicken breasts,345,Jumbo,"Supermercados Día, Fitz Roy 2292, C1425 FVD, Buenos Aires, Argentina"
Chicken breasts,,Supermercados Día,"Av. Acoyte 702, C1405 BGS, Buenos Aires"
Chicken breasts,389,Supermercados Día,"Supermercados Día, Av. Rivadavia 3566, C1204 AAN, Buenos Aires, Argentina"
Chicken breasts,,Carrefour,"Av. Gaona 1290, Buenos Aires"
Chicken breasts,,Supermercados Día,"Carrefour Market, Av. Córdoba 1631, C1055 CABA, Argentina"
Chicken breasts,256.5,Supermercados Día,"Supermercados Día, Av. Rivadavia 674, C1002 AAR, Buenos Aires, Argentina"
Chicken breasts,,Carrefour,"Supermercados Día, Buenos Aires, Raúl Scalabrini Ortíz 3170, C1425 DBZ, Argentina"
Chicken breasts,,Carrefour,"Carrefour Market, Raúl Scalabrini Ortíz 3128, C1425 CABA, Argentina"
Chicken breasts,,Jumbo,"Av. Córdoba 2529, C1120 CABA"
Chicken breasts,,Supermercados Día,"Av. Gral. Las Heras 2564, C1425ASP CABA"
Chicken breasts,,Supermercados Día,"Supermercados Día, Av. Rivadavia 1177, C1033 AAB, Buenos Aires, Argentina"
Chicken breasts,247.9,Carrefour,"Supermercados Día, C1426AJS AJS, Amenábar 1145, C1426 Buenos Aires, Argentina"
Chicken breasts,126.5,Supermercados Día,"Carrefour Market, Av. Rivadavia 3221, C1179 CABA, Argentina"
Chicken breasts,,Jumbo,"Supermercados Día, Junín 638, C1026 ABN, Buenos Aires, Argentina"
Chicken breasts,,Carrefour,"Jumba, Av. Cerviño 4860, C1425 AIO, Buenos Aires, Argentina"
Chicken breasts,264.9,Carrefour,"Carrefour Market, Av. Rivadavia 2243, C1034 CABA, Argentina"
Chicken breasts,78.78,Carrefour,"Av. Santa Fe 3368, C1425 CABA"